-- phpMyAdmin SQL Dump
-- version 5.1.1
-- https://www.phpmyadmin.net/
--
-- Host: 127.0.0.1
-- Generation Time: Apr 28, 2022 at 04:39 PM
-- Server version: 10.4.22-MariaDB
-- PHP Version: 8.1.1

SET SQL_MODE = "NO_AUTO_VALUE_ON_ZERO";
START TRANSACTION;
SET time_zone = "+00:00";


/*!40101 SET @OLD_CHARACTER_SET_CLIENT=@@CHARACTER_SET_CLIENT */;
/*!40101 SET @OLD_CHARACTER_SET_RESULTS=@@CHARACTER_SET_RESULTS */;
/*!40101 SET @OLD_COLLATION_CONNECTION=@@COLLATION_CONNECTION */;
/*!40101 SET NAMES utf8mb4 */;

--
-- Database: `postiny`
--

-- --------------------------------------------------------

--
-- Table structure for table `advertisement`
--

CREATE TABLE `advertisement` (
  `ad_id` int(11) NOT NULL AUTO_INCREMENT,
  `article_id` int(11) NOT NULL,
  `publish_date` date NOT NULL,
  `created_at` timestamp NOT NULL DEFAULT current_timestamp(),
  PRIMARY KEY (`ad_id`)
) ENGINE=InnoDB DEFAULT CHARSET=utf8;

-- --------------------------------------------------------

--
-- Table structure for table `article`
--

CREATE TABLE `article` (
  `article_id` int(11) NOT NULL AUTO_INCREMENT,
  `author_id` int(11) NOT NULL,
  `category_id` int(11) NOT NULL,
  `title` varchar(128) NOT NULL,
  `content` varchar(4096) NOT NULL,
  `article_pic` varchar(128) NOT NULL,
  `sub_required` tinyint(1) NOT NULL,
  `created_at` timestamp NOT NULL DEFAULT current_timestamp(),
  `updated_at` timestamp NOT NULL DEFAULT current_timestamp(),
  PRIMARY KEY (`article_id`)
) ENGINE=InnoDB DEFAULT CHARSET=utf8;

-- --------------------------------------------------------

--
-- Table structure for table `articleviewing`
--

CREATE TABLE `articleviewing` (
  `user_id` int(11) NOT NULL,
  `article_id` int(11) NOT NULL
) ENGINE=InnoDB DEFAULT CHARSET=utf8;

-- --------------------------------------------------------

--
-- Table structure for table `category`
--

CREATE TABLE `category` (
  `category_id` int(11) NOT NULL AUTO_INCREMENT,
  `category_name` varchar(16) NOT NULL,
  `category_icon` varchar(128) NOT NULL,
  PRIMARY KEY (`category_id`)
) ENGINE=InnoDB DEFAULT CHARSET=utf8;

-- --------------------------------------------------------

--
-- Table structure for table `comment`
--

CREATE TABLE `comment` (
  `comment_id` int(11) NOT NULL AUTO_INCREMENT,
  `user_id` int(11) NOT NULL,
  `article_id` int(11) NOT NULL,
  `content` varchar(256) NOT NULL,
  `created_at` timestamp NOT NULL DEFAULT current_timestamp(),
  `updated_at` timestamp NOT NULL DEFAULT current_timestamp(),
  PRIMARY KEY (`comment_id`)
) ENGINE=InnoDB DEFAULT CHARSET=utf8;


-- --------------------------------------------------------

--
-- Table structure for table `likearticle`
--

CREATE TABLE `likearticle` (
  `user_id` int(11) NOT NULL,
  `article_id` int(11) NOT NULL,
  `created_at` timestamp NOT NULL DEFAULT current_timestamp()
) ENGINE=InnoDB DEFAULT CHARSET=utf8;


-- --------------------------------------------------------

--
-- Table structure for table `payment`
--

CREATE TABLE `payment` (
  `payment_id` int(11) NOT NULL AUTO_INCREMENT,
  `user_id` int(11) NOT NULL,
  `approver_id` int(11) DEFAULT NULL,
  `status_id` int(11) NOT NULL,
  `is_withdrawal` tinyint(1) NOT NULL,
  `amount` int(11) NOT NULL,
  `payment_slip` varchar(128) DEFAULT NULL,
  `description` varchar(256) DEFAULT NULL,
  `created_at` timestamp NOT NULL DEFAULT current_timestamp(),
  `updated_at` timestamp NOT NULL DEFAULT current_timestamp(),
  PRIMARY KEY (`payment_id`)
) ENGINE=InnoDB DEFAULT CHARSET=utf8;


-- --------------------------------------------------------

--
-- Table structure for table `report`
--

CREATE TABLE `report` (
  `report_id` int(11) NOT NULL AUTO_INCREMENT,
  `report_type_id` int(11) NOT NULL,
  `reporter_id` int(11) NOT NULL,
  `status_id` int(11) NOT NULL,
  `article_id` int(11) DEFAULT NULL,
  `payment_id` int(11) DEFAULT NULL,
  `comment_id` int(11) DEFAULT NULL,
  `admin_id` int(11) DEFAULT NULL,
  `description` varchar(256) DEFAULT NULL,
  `created_at` timestamp NOT NULL DEFAULT current_timestamp(),
  `updated_at` timestamp NOT NULL DEFAULT current_timestamp(),
  PRIMARY KEY (`report_id`)
) ENGINE=InnoDB DEFAULT CHARSET=utf8;

-- --------------------------------------------------------

--
-- Table structure for table `reporttype`
--

CREATE TABLE `reporttype` (
  `report_type_id` int(11) NOT NULL AUTO_INCREMENT,
  `report_type_name` varchar(16) NOT NULL,
  `report_type_icon` varchar(128) NOT NULL,
  PRIMARY KEY (`report_type_id`)
) ENGINE=InnoDB DEFAULT CHARSET=utf8;



-- --------------------------------------------------------

--
-- Table structure for table `role`
--

CREATE TABLE `role` (
  `role_id` int(11) NOT NULL,
  `role_name` varchar(16) NOT NULL
) ENGINE=InnoDB DEFAULT CHARSET=utf8;


-- --------------------------------------------------------

--
-- Table structure for table `status`
--

CREATE TABLE `status` (
  `status_id` int(11) NOT NULL,
  `status_name` varchar(32) NOT NULL
) ENGINE=InnoDB DEFAULT CHARSET=utf8;


-- --------------------------------------------------------

--
-- Table structure for table `subscription`
--

CREATE TABLE `subscription` (
  `subscriber_id` int(11) NOT NULL,
  `subscribed_user_id` int(11) NOT NULL,
  `created_at` timestamp NOT NULL DEFAULT current_timestamp()
) ENGINE=InnoDB DEFAULT CHARSET=utf8;

-- --------------------------------------------------------

--
-- Table structure for table `userinfo`
--

CREATE TABLE `userinfo` (
  `user_id` int(11) NOT NULL AUTO_INCREMENT,
  `role_id` int(11) NOT NULL,
  `username` varchar(16) NOT NULL,
  `password` varchar(64) NOT NULL,
  `email` varchar(64) NOT NULL,
  `firstname` varchar(32) NOT NULL,
  `lastname` varchar(32) NOT NULL,
  `DOB` date NOT NULL,
  `gender` char(1) NOT NULL,
  `phone_number` char(10) NOT NULL,
  `profile_pic` varchar(128) DEFAULT NULL,
  `bio` varchar(128) DEFAULT NULL,
  `coin_balance` int(11) NOT NULL,
  `created_at` timestamp NOT NULL DEFAULT current_timestamp(),
  `updated_at` timestamp NOT NULL DEFAULT current_timestamp(),
  PRIMARY KEY (`user_id`)
) ENGINE=InnoDB DEFAULT CHARSET=utf8;


-- --------------------------------------------------------

--
-- Table structure for table `userinterest`
--

CREATE TABLE `userinterest` (
  `user_id` int(11) NOT NULL,
  `category_id` int(11) NOT NULL
) ENGINE=InnoDB DEFAULT CHARSET=utf8;


--
-- Indexes for dumped tables
--

--
-- Indexes for table `advertisement`
--
ALTER TABLE `advertisement`
--   ADD PRIMARY KEY (`ad_id`),
  ADD KEY `article_id` (`article_id`);

--
-- Indexes for table `article`
--
ALTER TABLE `article`
--   ADD PRIMARY KEY (`article_id`),
  ADD KEY `category_id` (`category_id`),
  ADD KEY `author_id` (`author_id`);

--
-- Indexes for table `articleviewing`
--
ALTER TABLE `articleviewing`
  ADD PRIMARY KEY (`user_id`,`article_id`),
  ADD KEY `article_id` (`article_id`);

--
-- Indexes for table `category`
--
-- ALTER TABLE `category`
--   ADD PRIMARY KEY (`category_id`);

--
-- Indexes for table `comment`
--
ALTER TABLE `comment`
--   ADD PRIMARY KEY (`comment_id`),
  ADD KEY `user_id` (`user_id`),
  ADD KEY `article_id` (`article_id`);

--
-- Indexes for table `likearticle`
--
ALTER TABLE `likearticle`
  ADD PRIMARY KEY (`user_id`,`article_id`),
  ADD KEY `article_id` (`article_id`);

--
-- Indexes for table `payment`
--
ALTER TABLE `payment`
--   ADD PRIMARY KEY (`payment_id`),
  ADD KEY `user_id` (`user_id`),
  ADD KEY `status_id` (`status_id`),
  ADD KEY `approver_id` (`approver_id`);

--
-- Indexes for table `report`
--
ALTER TABLE `report`
--   ADD PRIMARY KEY (`report_id`),
  ADD KEY `report_type_id` (`report_type_id`),
  ADD KEY `status_id` (`status_id`),
  ADD KEY `article_id` (`article_id`),
  ADD KEY `payment_id` (`payment_id`),
  ADD KEY `comment_id` (`comment_id`),
  ADD KEY `reporter_id` (`reporter_id`),
  ADD KEY `admin_id` (`admin_id`);

--
-- Indexes for table `reporttype`
--
-- ALTER TABLE `reporttype`
--   ADD PRIMARY KEY (`report_type_id`);

--
-- Indexes for table `role`
--
ALTER TABLE `role`
  ADD PRIMARY KEY (`role_id`);

--
-- Indexes for table `status`
--
ALTER TABLE `status`
  ADD PRIMARY KEY (`status_id`);

--
-- Indexes for table `subscription`
--
ALTER TABLE `subscription`
  ADD PRIMARY KEY (`subscriber_id`,`subscribed_user_id`),
  ADD KEY `subscribed_user_id` (`subscribed_user_id`);

--
-- Indexes for table `userinfo`
--
ALTER TABLE `userinfo`
--   ADD PRIMARY KEY (`user_id`),
  ADD KEY `role_id` (`role_id`);

--
-- Indexes for table `userinterest`
--
ALTER TABLE `userinterest`
  ADD PRIMARY KEY (`user_id`,`category_id`),
  ADD KEY `category_id` (`category_id`);

--
-- Constraints for dumped tables
--

--
-- Constraints for table `advertisement`
--
ALTER TABLE `advertisement`
  ADD CONSTRAINT `advertisement_article` FOREIGN KEY (`article_id`) REFERENCES `article` (`article_id`)
    ON UPDATE CASCADE ON DELETE CASCADE;

--
-- Constraints for table `article`
--
ALTER TABLE `article`
  ADD CONSTRAINT `article_category` FOREIGN KEY (`category_id`) REFERENCES `category` (`category_id`)
    ON UPDATE CASCADE ON DELETE CASCADE,
  ADD CONSTRAINT `article_author` FOREIGN KEY (`author_id`) REFERENCES `userinfo` (`user_id`)
    ON UPDATE CASCADE ON DELETE CASCADE;

--
-- Constraints for table `articleviewing`
--
ALTER TABLE `articleviewing`
  ADD CONSTRAINT `articleviewing_user` FOREIGN KEY (`user_id`) REFERENCES `userinfo` (`user_id`)
    ON UPDATE CASCADE ON DELETE CASCADE,
  ADD CONSTRAINT `articleviewing_article` FOREIGN KEY (`article_id`) REFERENCES `article` (`article_id`)
    ON UPDATE CASCADE ON DELETE CASCADE;

--
-- Constraints for table `comment`
--
ALTER TABLE `comment`
  ADD CONSTRAINT `comment_user` FOREIGN KEY (`user_id`) REFERENCES `userinfo` (`user_id`)
    ON UPDATE CASCADE ON DELETE CASCADE,
  ADD CONSTRAINT `comment_article` FOREIGN KEY (`article_id`) REFERENCES `article` (`article_id`)
    ON UPDATE CASCADE ON DELETE CASCADE;

--
-- Constraints for table `likearticle`
--
ALTER TABLE `likearticle`
  ADD CONSTRAINT `likearticle_user` FOREIGN KEY (`user_id`) REFERENCES `userinfo` (`user_id`)
    ON UPDATE CASCADE ON DELETE CASCADE,
  ADD CONSTRAINT `likearticle_article` FOREIGN KEY (`article_id`) REFERENCES `article` (`article_id`)
    ON UPDATE CASCADE ON DELETE CASCADE;

--
-- Constraints for table `payment`
--
ALTER TABLE `payment`
  ADD CONSTRAINT `payment_user` FOREIGN KEY (`user_id`) REFERENCES `userinfo` (`user_id`)
    ON UPDATE CASCADE ON DELETE CASCADE,
  ADD CONSTRAINT `payment_status` FOREIGN KEY (`status_id`) REFERENCES `status` (`status_id`)
    ON UPDATE CASCADE ON DELETE CASCADE,
  ADD CONSTRAINT `payment_approver` FOREIGN KEY (`approver_id`) REFERENCES `userinfo` (`user_id`)
    ON UPDATE CASCADE ON DELETE CASCADE;

--
-- Constraints for table `report`
--
ALTER TABLE `report`
  ADD CONSTRAINT `report_report_type` FOREIGN KEY (`report_type_id`) REFERENCES `reporttype` (`report_type_id`)
    ON UPDATE CASCADE ON DELETE CASCADE,
  ADD CONSTRAINT `report_status` FOREIGN KEY (`status_id`) REFERENCES `status` (`status_id`)
    ON UPDATE CASCADE ON DELETE CASCADE,
  ADD CONSTRAINT `report_article` FOREIGN KEY (`article_id`) REFERENCES `article` (`article_id`)
    ON UPDATE CASCADE ON DELETE CASCADE,
  ADD CONSTRAINT `report_payment` FOREIGN KEY (`payment_id`) REFERENCES `payment` (`payment_id`)
    ON UPDATE CASCADE ON DELETE CASCADE,
  ADD CONSTRAINT `report_comment` FOREIGN KEY (`comment_id`) REFERENCES `comment` (`comment_id`)
    ON UPDATE CASCADE ON DELETE CASCADE,
  ADD CONSTRAINT `report_reporter` FOREIGN KEY (`reporter_id`) REFERENCES `userinfo` (`user_id`)
    ON UPDATE CASCADE ON DELETE CASCADE,
  ADD CONSTRAINT `report_admin` FOREIGN KEY (`admin_id`) REFERENCES `userinfo` (`user_id`)
    ON UPDATE CASCADE ON DELETE CASCADE;

--
-- Constraints for table `subscription`
--
ALTER TABLE `subscription`
  ADD CONSTRAINT `subscription_subscriber` FOREIGN KEY (`subscriber_id`) REFERENCES `userinfo` (`user_id`)
    ON UPDATE CASCADE ON DELETE CASCADE,
  ADD CONSTRAINT `subscription_subscribed_user` FOREIGN KEY (`subscribed_user_id`) REFERENCES `userinfo` (`user_id`)
    ON UPDATE CASCADE ON DELETE CASCADE;

--
-- Constraints for table `userinfo`
--
ALTER TABLE `userinfo`
  ADD CONSTRAINT `userinfo_role` FOREIGN KEY (`role_id`) REFERENCES `role` (`role_id`)
    ON UPDATE CASCADE ON DELETE CASCADE;

--
-- Constraints for table `userinterest`
--
ALTER TABLE `userinterest`
  ADD CONSTRAINT `userinterest_user` FOREIGN KEY (`user_id`) REFERENCES `userinfo` (`user_id`)
    ON UPDATE CASCADE ON DELETE CASCADE,
  ADD CONSTRAINT `userinterest_category` FOREIGN KEY (`category_id`) REFERENCES `category` (`category_id`)
    ON UPDATE CASCADE ON DELETE CASCADE;
COMMIT;


--
-- Dumping data for table `category`
--

INSERT INTO `category` (`category_id`, `category_name`, `category_icon`) VALUES
(1, 'Music', 'music.png'),
(2, 'Gaming', 'gaming.png'),
(3, 'Art&Design', 'art.png'),
(4, 'Technology', 'tech.png'),
(5, 'Beauty', 'beauty.png'),
(6, 'Sports', 'sports.png');


--
-- Dumping data for table `role`
--

INSERT INTO `role` (`role_id`, `role_name`) VALUES
(1, 'Admin'),
(2, 'Approver'),
(3, 'User');

--
-- Dumping data for table `status`
--

INSERT INTO `status` (`status_id`, `status_name`) VALUES
(1, 'Pending'),
(2, 'Approved'),
(3, 'Rejected');

--
-- Dumping data for table `userinfo`
--

INSERT INTO `userinfo` (`user_id`, `role_id`, `username`, `password`, `email`, `firstname`, `lastname`, `DOB`, `gender`, `phone_number`, `profile_pic`, `bio`, `coin_balance`, `created_at`, `updated_at`) VALUES
(1, 1, 'testAdmin', '$2b$10$f0lzJLAK45pN4bYs8tbpeOck0iRpBSH8qj/Vn8tfk7A/OJqPTVbe6', 'ceo@gmail.com', 'Admin', 'Postiny', '2013-04-07', 'M', '0812345678', NULL, 'single', 200, '2022-03-27 13:39:28', '2022-04-29 13:39:28'),
(2, 2, 'testApprover', '$2b$10$Kj595gxi3hT/XnMFKIuDlekNuv87YnOSjgPqgM4jlxtxYU2nwB00q', 'easysql@gmail.com', 'Approver', 'Postiny', '2012-05-20', 'F', '0957841234', NULL, 'single', 100, '2022-03-27 13:44:35', '2022-04-27 13:44:35'),
(3, 3, 'ryan', '$2b$10$n7CKPQOlpGWQwpe3OAnbAul8PETo33hWVf98sOz7zVtO.RaNzrcYy', 'ryanisadog@gmail.com', 'ryan', 'seeha', '2022-01-14', 'M', '0889641234', NULL, 'Hello I am a dog', 200, '2022-03-27 13:56:53', '2022-05-13 14:15:44'),
(4, 3, 'kunpra', '$2b$10$n7CKPQOlpGWQwpe3OAnbAul8PETo33hWVf98sOz7zVtO.RaNzrcYy', 'kunpra@gmail.com', 'kunpra', 'waipra', '2022-01-14', 'M', '0889641234', NULL, 'Hello I am a dog', 0, '2022-03-27 13:56:53', '2022-05-13 13:38:16'),
(5, 3, 'kunjao', '$2b$10$n7CKPQOlpGWQwpe3OAnbAul8PETo33hWVf98sOz7zVtO.RaNzrcYy', 'kunjao@gmail.com', 'kunjao', 'waijao', '2022-01-14', 'F', '0889641234', NULL, 'Hello I am a dog', 0, '2022-03-27 13:56:53', '2022-05-13 13:38:13'),
(6, 3, 'testUser', '$2b$10$k8F.oW6tHzzN.JxY2yAXU.X.GVw12TFMkrYgGNqKxqKim7Mu7Yvd6', 'user@yahoo.net', 'Alex', 'Barber', '1989-05-05', 'M', '0875215564', NULL, NULL, 0, '2022-03-28 19:24:51', '2022-05-09 19:24:51'),
(7, 3, 'ilovecpe231', '$2b$10$MgGmADXe4PFDMzX3Qq5QY.dVrkS8EZ30z63Iii4i13H3bpYeP2y9O', 'ilove231@mail.kmutt.ac.th', 'Taylor', 'Joy', '2010-10-20', 'F', '0880570258', NULL, NULL, 0, '2022-03-29 19:30:05', '2022-05-09 19:30:05'),
(8, 3, 'iamkonsuay', '$2b$10$3wd6wm8ypQ/x4k7wfHh4n.GOL9uhvOsDfQL0fHVqaSC8SoFqAcREi', 'konsuay@gmail.com', 'Konsuay', 'Ruaymak', '2002-02-02', 'F', '0987456321', NULL, NULL, 0, '2022-03-30 19:40:37', '2022-05-09 19:40:37'),
(9, 3, 'happygirl', '$2b$10$3wd6wm8ypQ/x4k7wfHh4n.GOL9uhvOsDfQL0fHVqaSC8SoFqAcREi', 'happy_me@gmail.com', 'Susan', 'Walker', '1998-05-18', 'F', '0841452155', NULL, 'Dont worry be happy :)', 0, '2022-04-01 01:53:53', '2022-04-01 01:53:53'),
(10, 3, 'userone', '$2b$10$3wd6wm8ypQ/x4k7wfHh4n.GOL9uhvOsDfQL0fHVqaSC8SoFqAcREi', 'userone@gmail.com', 'Taeyong', 'Lee', '1995-07-11', 'O', '0989877878', NULL, 'Hotter than your ex and better than your next', 0, '2022-04-01 04:56:53', '2022-04-01 04:56:53'),
(11, 3, 'usertwo', '$2b$10$3wd6wm8ypQ/x4k7wfHh4n.GOL9uhvOsDfQL0fHVqaSC8SoFqAcREi', 'usertwo@gmail.com', 'Johnny', 'Jeep', '2022-01-14', 'M', '0874578754', NULL, 'Hi there', 0, '2022-04-01 05:45:20', '2022-04-01 05:45:20'),
(12, 3, 'userthree', '$2b$10$3wd6wm8ypQ/x4k7wfHh4n.GOL9uhvOsDfQL0fHVqaSC8SoFqAcREi', 'userthree@gmail.com', 'Katty', 'Perry', '1995-05-21', 'F', '0989877777', NULL, 'This is the part of me', 0, '2022-04-02 04:56:53', '2022-04-02 04:56:53'),
(13, 3, 'userfour', '$2b$10$3wd6wm8ypQ/x4k7wfHh4n.GOL9uhvOsDfQL0fHVqaSC8SoFqAcREi', 'userfour@gmail.com', 'Justin', 'Bieber', '1996-06-04', 'M', '0987877678', NULL, 'picture perfect', 0, '2022-04-02 04:56:53', '2022-04-02 04:56:53'),
(14, 3, 'userfive', '$2b$10$3wd6wm8ypQ/x4k7wfHh4n.GOL9uhvOsDfQL0fHVqaSC8SoFqAcREi', 'userfive@gmail.com', 'Selena', 'Gomez', '1997-07-11', 'F', '0984877878', NULL, 'kill em with kindness', 0, '2022-04-03 04:56:53', '2022-04-03 04:56:53'),
(15, 3, 'usersix', '$2b$10$3wd6wm8ypQ/x4k7wfHh4n.GOL9uhvOsDfQL0fHVqaSC8SoFqAcREi', 'usersix@gmail.com', 'Roseanne', 'Park', '1998-08-15', 'F', '0989871278', NULL, 'Everybody sees what they wanna see', 0, '2022-04-03 04:56:53', '2022-04-03 04:56:53'),
(16, 3, 'userseven', '$2b$10$3wd6wm8ypQ/x4k7wfHh4n.GOL9uhvOsDfQL0fHVqaSC8SoFqAcREi', 'userseven@gmail.com', 'Kesha', 'Clock', '1999-09-30', 'O', '0912347878', NULL, 'Dont stop, make it pop!', 0, '2022-04-04 04:56:53', '2022-04-04 04:56:53'),
(17, 3, 'usereight', '$2b$10$3wd6wm8ypQ/x4k7wfHh4n.GOL9uhvOsDfQL0fHVqaSC8SoFqAcREi', 'usereight@gmail.com', 'Sasha', 'Slone', '2000-01-10', 'F', '0874578754', NULL, 'When was it over?', 0, '2022-04-04 05:45:20', '2022-04-04 05:45:20'),
(18, 3, 'usernine', '$2b$10$3wd6wm8ypQ/x4k7wfHh4n.GOL9uhvOsDfQL0fHVqaSC8SoFqAcREi', 'usernine@gmail.com', 'Shawn', 'Mendes', '1997-07-23', 'M', '0989447878', NULL, 'I love it when you call me', 0, '2022-04-05 05:56:53', '2022-04-05 05:56:53'),
(19, 3, 'userten', '$2b$10$3wd6wm8ypQ/x4k7wfHh4n.GOL9uhvOsDfQL0fHVqaSC8SoFqAcREi', 'userten@gmail.com', 'Charlie', 'Puth', '1996-06-04', 'M', '0998880010', NULL, 'We dont talk anymore', 0, '2022-04-05 08:56:53', '2022-04-05 08:56:53'),
(20, 3, 'user11', '$2b$10$3wd6wm8ypQ/x4k7wfHh4n.GOL9uhvOsDfQL0fHVqaSC8SoFqAcREi', 'user11@gmail.com', 'Olivia', 'Rodrigo', '1997-07-11', 'F', '0998880011', NULL, 'Its brutal out here!!', 0, '2022-04-06 09:56:54', '2022-04-06 09:56:54'),
(21, 3, 'user12', '$2b$10$3wd6wm8ypQ/x4k7wfHh4n.GOL9uhvOsDfQL0fHVqaSC8SoFqAcREi', 'user12@gmail.com', 'Kendall', 'Jenner', '1998-08-15', 'F', '0998880012', NULL, 'My favorite part of my body is my height', 0, '2022-04-06 04:56:53', '2022-04-06 04:56:53'),
(22, 3, 'user13', '$2b$10$3wd6wm8ypQ/x4k7wfHh4n.GOL9uhvOsDfQL0fHVqaSC8SoFqAcREi', 'user13@gmail.com', 'Devin', 'Booker', '1999-09-30', 'O', '0998880013', NULL, 'I love basketball', 0, '2022-04-07 00:56:53', '2022-04-07 00:56:53'),
(23, 3, 'user14', '$2b$10$3wd6wm8ypQ/x4k7wfHh4n.GOL9uhvOsDfQL0fHVqaSC8SoFqAcREi', 'user14@hotmail.com', 'Harry', 'Styles', '2000-01-10', 'O', '0998880014', NULL, 'Watermelon sugar high', 0, '2022-04-09 07:45:25', '2022-04-09 07:45:25'),
(24, 3, 'user15', '$2b$10$3wd6wm8ypQ/x4k7wfHh4n.GOL9uhvOsDfQL0fHVqaSC8SoFqAcREi', 'user15@gmail.com', 'Gigi', 'Hadid', '1999-09-30', 'F', '0998880015', NULL, NULL, 0, '2022-04-11 00:56:53', '2022-04-11 00:56:53'),
(25, 3, 'user16', '$2b$10$3wd6wm8ypQ/x4k7wfHh4n.GOL9uhvOsDfQL0fHVqaSC8SoFqAcREi', 'user16@hotmail.com', 'Zayn', 'Malik', '2000-01-10', 'M', '0998880016', NULL, NULL, 0, '2022-04-11 07:45:25', '2022-04-11 07:45:25'),
(26, 3, 'user17', '$2b$10$3wd6wm8ypQ/x4k7wfHh4n.GOL9uhvOsDfQL0fHVqaSC8SoFqAcREi', 'user17@gmail.com', 'Bella', 'Hadid', '1999-09-30', 'F', '0998880017', NULL, NULL, 0, '2022-04-11 14:56:53', '2022-04-11 14:56:53'),
(27, 3, 'user18', '$2b$10$3wd6wm8ypQ/x4k7wfHh4n.GOL9uhvOsDfQL0fHVqaSC8SoFqAcREi', 'user18@mail.kmutt.ac.th', 'Billie', 'Eilish', '2002-09-20', 'F', '0998880018', NULL, NULL, 0, '2022-04-12 00:56:53', '2022-04-12 00:56:53'),
(28, 3, 'user19', '$2b$10$3wd6wm8ypQ/x4k7wfHh4n.GOL9uhvOsDfQL0fHVqaSC8SoFqAcREi', 'user19@gmail.com', 'Rihanna', 'Fenty', '1979-09-30', 'F', '0998880019', NULL, NULL, 0, '2022-04-12 02:56:53', '2022-04-12 02:56:53'),
(29, 3, 'user20', '$2b$10$3wd6wm8ypQ/x4k7wfHh4n.GOL9uhvOsDfQL0fHVqaSC8SoFqAcREi', 'user20@hotmail.com', 'Travis', 'Scott', '1982-08-20', 'M', '0998880020', NULL, NULL, 0, '2022-04-12 04:56:53', '2022-04-12 04:56:53'),
(30, 3, 'user21', '$2b$10$3wd6wm8ypQ/x4k7wfHh4n.GOL9uhvOsDfQL0fHVqaSC8SoFqAcREi', 'user21@gmail.com', 'Nick', 'Jonas', '1995-02-13', 'M', '0998880021', NULL, NULL, 0, '2022-04-13 00:56:53', '2022-04-13 00:56:53'),
(31, 3, 'user22', '$2b$10$3wd6wm8ypQ/x4k7wfHh4n.GOL9uhvOsDfQL0fHVqaSC8SoFqAcREi', 'user22@kmutt.ac.th', 'Ed', 'Sheeran', '1989-04-30', 'M', '0998880022', NULL, NULL, 0, '2022-04-13 00:56:59', '2022-04-13 00:56:59'),
(32, 3, 'user23', '$2b$10$3wd6wm8ypQ/x4k7wfHh4n.GOL9uhvOsDfQL0fHVqaSC8SoFqAcREi', 'user23@gmail.com', 'Amber', 'Heard', '1985-12-10', 'F', '0998880023', NULL, NULL, 0, '2022-04-14 00:56:53', '2022-04-14 00:56:53'),
(33, 3, 'user24', '$2b$10$3wd6wm8ypQ/x4k7wfHh4n.GOL9uhvOsDfQL0fHVqaSC8SoFqAcREi', 'user24@gmail.com', 'Tom', 'Holland', '1989-07-08', 'M', '0998880024', NULL, NULL, 0, '2022-04-15 00:56:53', '2022-04-15 00:56:53'),
(34, 3, 'user25', '$2b$10$3wd6wm8ypQ/x4k7wfHh4n.GOL9uhvOsDfQL0fHVqaSC8SoFqAcREi', 'user25@gmail.com', 'Zendeya', 'Coleman', '1990-09-30', 'F', '0998880025', NULL, NULL, 0, '2022-04-16 00:56:53', '2022-04-16 00:56:53'),
(35, 3, 'user26', '$2b$10$3wd6wm8ypQ/x4k7wfHh4n.GOL9uhvOsDfQL0fHVqaSC8SoFqAcREi', 'user26@yahoo.co.th', 'Bruno', 'Mars', '1989-09-06', 'O', '0998880026', NULL, NULL, 0, '2022-04-18 00:56:53', '2022-04-18 00:56:53'),
(36, 3, 'user27', '$2b$10$3wd6wm8ypQ/x4k7wfHh4n.GOL9uhvOsDfQL0fHVqaSC8SoFqAcREi', 'user27@hotmail.com', 'Fredy', 'Mercury', '1970-07-10', 'O', '0998880027', NULL, NULL, 0, '2022-04-18 07:45:25', '2022-04-18 07:45:25'),
(37, 3, 'user28', '$2b$10$3wd6wm8ypQ/x4k7wfHh4n.GOL9uhvOsDfQL0fHVqaSC8SoFqAcREi', 'user28@gmail.com', 'Cara', 'Deleveigne', '1999-09-30', 'F', '0998880028', NULL, NULL, 0, '2022-04-19 14:56:53', '2022-04-19 15:36:23'),
(38, 3, 'user29', '$2b$10$3wd6wm8ypQ/x4k7wfHh4n.GOL9uhvOsDfQL0fHVqaSC8SoFqAcREi', 'user29@gmail.com', 'Marry', 'Simon', '1979-09-30', 'F', '0998880029', NULL, NULL, 0, '2022-04-20 02:56:53', '2022-04-20 02:56:53'),
(39, 3, 'user30', '$2b$10$3wd6wm8ypQ/x4k7wfHh4n.GOL9uhvOsDfQL0fHVqaSC8SoFqAcREi', 'user30@hotmail.com', 'Mark', 'Lee', '1982-08-20', 'M', '0998880030', NULL, NULL, 0, '2022-04-20 04:56:53', '2022-04-20 04:56:53'),
(40, 3, 'user31', '$2b$10$3wd6wm8ypQ/x4k7wfHh4n.GOL9uhvOsDfQL0fHVqaSC8SoFqAcREi', 'user31@gmail.com', 'Joe', 'Jonas', '1995-02-13', 'M', '0998880031', NULL, NULL, 0, '2022-04-20 04:56:55', '2022-04-23 00:56:53'),
(41, 3, 'user32', '$2b$10$3wd6wm8ypQ/x4k7wfHh4n.GOL9uhvOsDfQL0fHVqaSC8SoFqAcREi', 'user32@kmutt.ac.th', 'Robert', 'Hook', '1989-04-30', 'M', '0998880032', NULL, NULL, 0, '2022-04-20 04:57:53', '2022-04-23 00:56:59'),
(42, 3, 'user33', '$2b$10$3wd6wm8ypQ/x4k7wfHh4n.GOL9uhvOsDfQL0fHVqaSC8SoFqAcREi', 'user33@gmail.com', 'Chamber', 'Brooker', '1985-12-10', 'M', '0998880033', NULL, NULL, 0, '2022-04-20 04:57:57', '2022-04-24 00:56:53'),
(43, 3, 'user34', '$2b$10$3wd6wm8ypQ/x4k7wfHh4n.GOL9uhvOsDfQL0fHVqaSC8SoFqAcREi', 'user34@gmail.com', 'Ariana', 'Grande', '1989-07-08', 'F', '0998880034', NULL, NULL, 0, '2022-04-20 07:56:53', '2022-04-25 00:56:53'),
(44, 3, 'user35', '$2b$10$3wd6wm8ypQ/x4k7wfHh4n.GOL9uhvOsDfQL0fHVqaSC8SoFqAcREi', 'user35@gmail.com', 'Nicki', 'Minaj', '1990-09-30', 'F', '0998880035', NULL, NULL, 0, '2022-04-20 09:56:53', '2022-04-26 00:56:53'),
(45, 3, 'user36', '$2b$10$3wd6wm8ypQ/x4k7wfHh4n.GOL9uhvOsDfQL0fHVqaSC8SoFqAcREi', 'user36@yahoo.co.th', 'Joseph', 'Howl', '1989-09-06', 'O', '0998880036', NULL, NULL, 0, '2022-04-21 04:56:53', '2022-04-28 00:56:53'),
(46, 3, 'user37', '$2b$10$3wd6wm8ypQ/x4k7wfHh4n.GOL9uhvOsDfQL0fHVqaSC8SoFqAcREi', 'user37@hotmail.com', 'Milli', 'Milestone', '1970-07-10', 'O', '0998880037', NULL, NULL, 0, '2022-04-21 07:56:53', '2022-04-28 07:45:25'),
(47, 3, 'user38', '$2b$10$3wd6wm8ypQ/x4k7wfHh4n.GOL9uhvOsDfQL0fHVqaSC8SoFqAcREi', 'user38@gmail.com', 'Kim', 'Kardashian', '1999-09-30', 'F', '0998880038', NULL, NULL, 0, '2022-04-21 14:56:53', '2022-04-21 15:36:23'),
(48, 3, 'user39', '$2b$10$3wd6wm8ypQ/x4k7wfHh4n.GOL9uhvOsDfQL0fHVqaSC8SoFqAcREi', 'user39@gmail.com', 'Jisoo', 'Kim', '1979-09-30', 'F', '0998880039', NULL, NULL, 0, '2022-04-21 14:56:53', '2022-04-21 15:36:23'),
(49, 3, 'user40', '$2b$10$3wd6wm8ypQ/x4k7wfHh4n.GOL9uhvOsDfQL0fHVqaSC8SoFqAcREi', 'user40@hotmail.com', 'Johnny', 'Suh', '1982-08-20', 'M', '0998880040', NULL, NULL, 0, '2022-04-21 14:56:53', '2022-04-21 15:36:23'),
(50, 3, 'user41', '$2b$10$3wd6wm8ypQ/x4k7wfHh4n.GOL9uhvOsDfQL0fHVqaSC8SoFqAcREi', 'user41@gmail.com', 'Ben', 'Affleck', '1995-02-13', 'O', '0998880041', NULL, NULL, 0, '2022-04-21 14:56:53', '2022-04-21 15:36:23'),
(51, 3, 'user42', '$2b$10$3wd6wm8ypQ/x4k7wfHh4n.GOL9uhvOsDfQL0fHVqaSC8SoFqAcREi', 'user42@kmutt.ac.th', 'Leonardo', 'Dicaprio', '1989-04-30', 'O', '0998880042', NULL, NULL, 0, '2022-04-21 14:56:53', '2022-04-21 15:36:23'),
(52, 3, 'user43', '$2b$10$3wd6wm8ypQ/x4k7wfHh4n.GOL9uhvOsDfQL0fHVqaSC8SoFqAcREi', 'user43@gmail.com', 'David', 'Beckham', '1985-12-10', 'M', '0998880043', NULL, NULL, 0, '2022-04-21 14:56:53', '2022-04-21 15:36:23'),
(53, 3, 'user44', '$2b$10$3wd6wm8ypQ/x4k7wfHh4n.GOL9uhvOsDfQL0fHVqaSC8SoFqAcREi', 'user44@gmail.com', 'Cardi', 'B', '1989-07-08', 'F', '0998880044', NULL, NULL, 0, '2022-04-21 14:56:53', '2022-04-21 15:36:23'),
(54, 3, 'user45', '$2b$10$3wd6wm8ypQ/x4k7wfHh4n.GOL9uhvOsDfQL0fHVqaSC8SoFqAcREi', 'user45@gmail.com', 'Jada', 'Smith', '1990-09-30', 'F', '0998880045', NULL, NULL, 0, '2022-04-21 14:56:53', '2022-04-21 15:36:23'),
(55, 3, 'user46', '$2b$10$3wd6wm8ypQ/x4k7wfHh4n.GOL9uhvOsDfQL0fHVqaSC8SoFqAcREi', 'user46@yahoo.co.th', 'Will', 'Smith', '1989-09-06', 'O', '0998880046', NULL, NULL, 0, '2022-04-21 14:56:53', '2022-04-21 15:36:23'),
(56, 3, 'user47', '$2b$10$3wd6wm8ypQ/x4k7wfHh4n.GOL9uhvOsDfQL0fHVqaSC8SoFqAcREi', 'user47@hotmail.com', 'Tyga', 'Smith', '1970-07-10', 'O', '0998880047', NULL, NULL, 0, '2022-04-21 14:56:53', '2022-04-21 15:36:23'),
(57, 3, 'user48', '$2b$10$3wd6wm8ypQ/x4k7wfHh4n.GOL9uhvOsDfQL0fHVqaSC8SoFqAcREi', 'user48@gmail.com', 'Kim', 'Kardashian', '1999-09-30', 'F', '0998880048', NULL, NULL, 0, '2022-04-21 14:56:53', '2022-04-21 15:36:23'),
(58, 3, 'user49', '$2b$10$3wd6wm8ypQ/x4k7wfHh4n.GOL9uhvOsDfQL0fHVqaSC8SoFqAcREi', 'user49@gmail.com', 'Jisoo', 'Kim', '1979-09-30', 'F', '0998880049', NULL, NULL, 0, '2022-04-21 14:56:53', '2022-04-21 15:36:23'),
(59, 3, 'user50', '$2b$10$3wd6wm8ypQ/x4k7wfHh4n.GOL9uhvOsDfQL0fHVqaSC8SoFqAcREi', 'user50@hotmail.com', 'Johnny', 'Suh', '1982-08-20', 'M', '0998880050', NULL, NULL, 0, '2022-04-21 14:56:53', '2022-04-21 15:36:23'),
(60, 3, 'user51', '$2b$10$3wd6wm8ypQ/x4k7wfHh4n.GOL9uhvOsDfQL0fHVqaSC8SoFqAcREi', 'user51@gmail.com', 'Ben', 'Affleck', '1995-02-13', 'O', '0998880051', NULL, NULL, 0, '2022-04-21 14:56:53', '2022-04-21 15:36:23'),
(61, 3, 'user52', '$2b$10$3wd6wm8ypQ/x4k7wfHh4n.GOL9uhvOsDfQL0fHVqaSC8SoFqAcREi', 'user52@kmutt.ac.th', 'Leonardo', 'Dicaprio', '1989-04-30', 'O', '0998880052', NULL, NULL, 0, '2022-04-21 14:56:53', '2022-04-21 15:36:23'),
(62, 3, 'user53', '$2b$10$3wd6wm8ypQ/x4k7wfHh4n.GOL9uhvOsDfQL0fHVqaSC8SoFqAcREi', 'user53@gmail.com', 'David', 'Beckham', '1985-12-10', 'M', '0998880053', NULL, NULL, 0, '2022-04-21 14:56:53', '2022-04-21 15:36:23'),
(63, 3, 'user54', '$2b$10$3wd6wm8ypQ/x4k7wfHh4n.GOL9uhvOsDfQL0fHVqaSC8SoFqAcREi', 'user54@gmail.com', 'Cardi', 'B', '1989-07-08', 'F', '0998880054', NULL, NULL, 0, '2022-04-21 14:56:53', '2022-04-21 15:36:23'),
(64, 3, 'user55', '$2b$10$3wd6wm8ypQ/x4k7wfHh4n.GOL9uhvOsDfQL0fHVqaSC8SoFqAcREi', 'user55@gmail.com', 'Jada', 'Smith', '1990-09-30', 'F', '0998880055', NULL, NULL, 0, '2022-04-21 14:56:53', '2022-04-21 15:36:23'),
(65, 3, 'user56', '$2b$10$3wd6wm8ypQ/x4k7wfHh4n.GOL9uhvOsDfQL0fHVqaSC8SoFqAcREi', 'user56@yahoo.co.th', 'Will', 'Smith', '1989-09-06', 'O', '0998880056', NULL, NULL, 0, '2022-04-21 14:56:53', '2022-04-21 15:36:23'),
(66, 3, 'user57', '$2b$10$3wd6wm8ypQ/x4k7wfHh4n.GOL9uhvOsDfQL0fHVqaSC8SoFqAcREi', 'user57@hotmail.com', 'Tyga', 'Smith', '1970-07-10', 'O', '0998880057', NULL, NULL, 0, '2022-04-21 14:56:53', '2022-04-21 15:36:23'),
(67, 3, 'user58', '$2b$10$3wd6wm8ypQ/x4k7wfHh4n.GOL9uhvOsDfQL0fHVqaSC8SoFqAcREi', 'user58@gmail.com', 'Dua', 'Lipa', '1999-09-30', 'F', '0998880058', NULL, NULL, 0, '2022-04-19 14:56:53', '2022-04-19 15:36:23'),
(68, 3, 'user59', '$2b$10$3wd6wm8ypQ/x4k7wfHh4n.GOL9uhvOsDfQL0fHVqaSC8SoFqAcREi', 'user59@gmail.com', 'Ammy', 'Sorrow', '1979-09-30', 'F', '0998880059', NULL, NULL, 0, '2022-04-20 02:56:53', '2022-04-20 02:56:53'),
(69, 3, 'user60', '$2b$10$3wd6wm8ypQ/x4k7wfHh4n.GOL9uhvOsDfQL0fHVqaSC8SoFqAcREi', 'user60@hotmail.com', 'Mark', 'Tuan', '1982-08-20', 'M', '0998880060', NULL, NULL, 0, '2022-04-20 04:56:53', '2022-04-20 04:56:53'),
(70, 3, 'user61', '$2b$10$3wd6wm8ypQ/x4k7wfHh4n.GOL9uhvOsDfQL0fHVqaSC8SoFqAcREi', 'user61@gmail.com', 'Jimmy', 'JOnes', '1995-02-13', 'M', '0998880061', NULL, NULL, 0, '2022-04-20 04:56:55', '2022-04-23 00:56:53'),
(71, 3, 'user62', '$2b$10$3wd6wm8ypQ/x4k7wfHh4n.GOL9uhvOsDfQL0fHVqaSC8SoFqAcREi', 'user62@kmutt.ac.th', 'Robert', 'Thomas', '1989-04-30', 'M', '0998880062', NULL, NULL, 0, '2022-04-20 04:57:53', '2022-04-23 00:56:59'),
(72, 3, 'user63', '$2b$10$3wd6wm8ypQ/x4k7wfHh4n.GOL9uhvOsDfQL0fHVqaSC8SoFqAcREi', 'user63@gmail.com', 'Joe', 'Swash', '1985-12-10', 'M', '0998880063', NULL, NULL, 0, '2022-04-20 04:57:57', '2022-04-24 00:56:53'),
(73, 3, 'user64', '$2b$10$3wd6wm8ypQ/x4k7wfHh4n.GOL9uhvOsDfQL0fHVqaSC8SoFqAcREi', 'user64@gmail.com', 'Madison', 'Rae', '1989-07-08', 'F', '0998880064', NULL, NULL, 0, '2022-04-20 07:56:53', '2022-04-25 00:56:53'),
(74, 3, 'user65', '$2b$10$3wd6wm8ypQ/x4k7wfHh4n.GOL9uhvOsDfQL0fHVqaSC8SoFqAcREi', 'user65@gmail.com', 'Gemma', 'Chan', '1990-09-30', 'F', '0998880065', NULL, NULL, 0, '2022-04-20 09:56:53', '2022-04-26 00:56:53'),
(75, 3, 'user66', '$2b$10$3wd6wm8ypQ/x4k7wfHh4n.GOL9uhvOsDfQL0fHVqaSC8SoFqAcREi', 'user66@yahoo.co.th', 'Simon', 'Cowell', '1989-09-06', 'O', '0998880066', NULL, NULL, 0, '2022-04-21 04:56:53', '2022-04-28 00:56:53'),
(76, 3, 'user67', '$2b$10$3wd6wm8ypQ/x4k7wfHh4n.GOL9uhvOsDfQL0fHVqaSC8SoFqAcREi', 'user67@hotmail.com', 'Matt', 'Smith', '1970-07-10', 'O', '0998880067', NULL, NULL, 0, '2022-04-21 07:56:53', '2022-04-28 07:45:25'),
(77, 3, 'user68', '$2b$10$3wd6wm8ypQ/x4k7wfHh4n.GOL9uhvOsDfQL0fHVqaSC8SoFqAcREi', 'user68@gmail.com', 'Rob', 'Kardashian', '1999-09-30', 'O', '0998880068', NULL, NULL, 0, '2022-04-21 14:56:53', '2022-04-21 15:36:23'),
(78, 3, 'user69', '$2b$10$3wd6wm8ypQ/x4k7wfHh4n.GOL9uhvOsDfQL0fHVqaSC8SoFqAcREi', 'user69@gmail.com', 'Jennie', 'Kim', '1979-09-30', 'F', '0998880069', NULL, NULL, 0, '2022-04-21 14:56:53', '2022-04-21 15:36:23'),
(79, 3, 'user70', '$2b$10$3wd6wm8ypQ/x4k7wfHh4n.GOL9uhvOsDfQL0fHVqaSC8SoFqAcREi', 'user70@hotmail.com', 'Tim', 'Tought', '1982-08-20', 'M', '0998880070', NULL, NULL, 0, '2022-04-21 14:56:53', '2022-04-21 15:36:23'),
(80, 3, 'user71', '$2b$10$3wd6wm8ypQ/x4k7wfHh4n.GOL9uhvOsDfQL0fHVqaSC8SoFqAcREi', 'user71@gmail.com', 'Ellen', 'Affleck', '1995-02-13', 'O', '0998880071', NULL, NULL, 0, '2022-04-21 14:56:53', '2022-04-21 15:36:23'),
(81, 3, 'user72', '$2b$10$3wd6wm8ypQ/x4k7wfHh4n.GOL9uhvOsDfQL0fHVqaSC8SoFqAcREi', 'user72@kmutt.ac.th', 'Harrison', 'Ford', '1989-04-30', 'O', '0998880072', NULL, NULL, 0, '2022-04-21 14:56:53', '2022-04-21 15:36:23'),
(82, 3, 'user73', '$2b$10$3wd6wm8ypQ/x4k7wfHh4n.GOL9uhvOsDfQL0fHVqaSC8SoFqAcREi', 'user73@gmail.com', 'Ashton', 'Kutcher', '1985-12-10', 'M', '0998880073', NULL, NULL, 0, '2022-04-21 14:56:53', '2022-04-21 15:36:23'),
(83, 3, 'user74', '$2b$10$3wd6wm8ypQ/x4k7wfHh4n.GOL9uhvOsDfQL0fHVqaSC8SoFqAcREi', 'user74@gmail.com', 'Angelina', 'Jolie', '1989-07-08', 'F', '0998880074', NULL, NULL, 0, '2022-04-21 14:56:53', '2022-04-21 15:36:23'),
(84, 3, 'user75', '$2b$10$3wd6wm8ypQ/x4k7wfHh4n.GOL9uhvOsDfQL0fHVqaSC8SoFqAcREi', 'user75@gmail.com', 'Jennifer', 'Lawrence', '1990-09-30', 'F', '0998880075', NULL, NULL, 0, '2022-04-21 14:56:53', '2022-04-21 15:36:23'),
(85, 3, 'user76', '$2b$10$3wd6wm8ypQ/x4k7wfHh4n.GOL9uhvOsDfQL0fHVqaSC8SoFqAcREi', 'user76@yahoo.co.th', 'Brad', 'Pith', '1989-09-06', 'O', '0998880076', NULL, NULL, 0, '2022-04-21 14:56:53', '2022-04-21 15:36:23'),
(86, 3, 'user77', '$2b$10$3wd6wm8ypQ/x4k7wfHh4n.GOL9uhvOsDfQL0fHVqaSC8SoFqAcREi', 'user77@hotmail.com', 'John', 'Mayor', '1970-07-10', 'O', '0998880077', NULL, NULL, 0, '2022-04-21 14:56:53', '2022-04-21 15:36:23'),
(87, 3, 'user78', '$2b$10$3wd6wm8ypQ/x4k7wfHh4n.GOL9uhvOsDfQL0fHVqaSC8SoFqAcREi', 'user78@gmail.com', 'Khloe', 'Kardashian', '1999-09-30', 'F', '0998880078', NULL, NULL, 0, '2022-04-21 14:56:53', '2022-04-21 15:36:23'),
(88, 3, 'user79', '$2b$10$3wd6wm8ypQ/x4k7wfHh4n.GOL9uhvOsDfQL0fHVqaSC8SoFqAcREi', 'user79@gmail.com', 'Lalisa', 'Manoban', '1979-09-30', 'F', '0998880079', NULL, NULL, 0, '2022-04-21 14:56:53', '2022-04-21 15:36:23'),
(89, 3, 'user80', '$2b$10$3wd6wm8ypQ/x4k7wfHh4n.GOL9uhvOsDfQL0fHVqaSC8SoFqAcREi', 'user80@hotmail.com', 'Ryan', 'Reynolds', '1982-08-20', 'M', '0998880080', NULL, NULL, 0, '2022-04-21 14:56:53', '2022-04-21 15:36:23'),
(90, 3, 'user81', '$2b$10$3wd6wm8ypQ/x4k7wfHh4n.GOL9uhvOsDfQL0fHVqaSC8SoFqAcREi', 'user81@gmail.com', 'Jennifer', 'Lopez', '1995-02-13', 'O', '0998880081', NULL, NULL, 0, '2022-04-21 14:56:53', '2022-04-21 15:36:23'),
(91, 3, 'user82', '$2b$10$3wd6wm8ypQ/x4k7wfHh4n.GOL9uhvOsDfQL0fHVqaSC8SoFqAcREi', 'user82@kmutt.ac.th', 'Paris', 'Hilton', '1989-04-30', 'O', '0998880082', NULL, NULL, 0, '2022-04-21 14:56:53', '2022-04-21 15:36:23'),
(92, 3, 'user83', '$2b$10$3wd6wm8ypQ/x4k7wfHh4n.GOL9uhvOsDfQL0fHVqaSC8SoFqAcREi', 'user83@gmail.com', 'David', 'Beckham', '1985-12-10', 'M', '0998880083', NULL, NULL, 0, '2022-04-21 14:56:53', '2022-04-21 15:36:23'),
(93, 3, 'user84', '$2b$10$3wd6wm8ypQ/x4k7wfHh4n.GOL9uhvOsDfQL0fHVqaSC8SoFqAcREi', 'user84@gmail.com', 'Emma', 'Watson', '1989-07-08', 'F', '0998880084', NULL, NULL, 0, '2022-04-21 14:56:53', '2022-04-21 15:36:23'),
(94, 3, 'user85', '$2b$10$3wd6wm8ypQ/x4k7wfHh4n.GOL9uhvOsDfQL0fHVqaSC8SoFqAcREi', 'user85@gmail.com', 'Emma', 'Stone', '1990-09-30', 'F', '0998880085', NULL, NULL, 0, '2022-04-21 14:56:53', '2022-04-21 15:36:23'),
(95, 3, 'user86', '$2b$10$3wd6wm8ypQ/x4k7wfHh4n.GOL9uhvOsDfQL0fHVqaSC8SoFqAcREi', 'user86@yahoo.co.th', 'George', 'Clooney', '1989-09-06', 'O', '0998880086', NULL, NULL, 0, '2022-04-21 14:56:53', '2022-04-21 15:36:23'),
(96, 3, 'user87', '$2b$10$3wd6wm8ypQ/x4k7wfHh4n.GOL9uhvOsDfQL0fHVqaSC8SoFqAcREi', 'user87@hotmail.com', 'Sean', 'Combs', '1970-07-10', 'O', '0998880087', NULL, NULL, 0, '2022-04-21 14:56:53', '2022-04-21 15:36:23'),
(97, 3, 'user88', '$2b$10$3wd6wm8ypQ/x4k7wfHh4n.GOL9uhvOsDfQL0fHVqaSC8SoFqAcREi', 'user88@gmail.com', 'Demi', 'Lovelo', '1999-09-30', 'F', '0998880088', NULL, NULL, 0, '2022-04-19 14:56:53', '2022-04-19 15:36:23'),
(98, 3, 'user89', '$2b$10$3wd6wm8ypQ/x4k7wfHh4n.GOL9uhvOsDfQL0fHVqaSC8SoFqAcREi', 'user89@gmail.com', 'Rose', 'Depp', '1979-09-30', 'F', '0998880089', NULL, NULL, 0, '2022-04-20 02:56:53', '2022-04-20 02:56:53'),
(99, 3, 'user90', '$2b$10$3wd6wm8ypQ/x4k7wfHh4n.GOL9uhvOsDfQL0fHVqaSC8SoFqAcREi', 'user90@hotmail.com', 'Jackson', 'Wang', '1982-08-20', 'M', '0998880090', NULL, NULL, 0, '2022-04-20 04:56:53', '2022-04-20 04:56:53'),
(100, 3, 'user91', '$2b$10$3wd6wm8ypQ/x4k7wfHh4n.GOL9uhvOsDfQL0fHVqaSC8SoFqAcREi', 'user91@gmail.com', 'Ewan', 'McGregor', '1995-02-13', 'M', '0998880091', NULL, NULL, 0, '2022-04-20 04:56:55', '2022-04-23 00:56:53'),
(101, 3, 'user92', '$2b$10$3wd6wm8ypQ/x4k7wfHh4n.GOL9uhvOsDfQL0fHVqaSC8SoFqAcREi', 'user92@kmutt.ac.th', 'Boy', 'George', '1989-04-30', 'M', '0998880092', NULL, NULL, 0, '2022-04-20 04:57:53', '2022-04-23 00:56:59'),
(102, 3, 'user93', '$2b$10$3wd6wm8ypQ/x4k7wfHh4n.GOL9uhvOsDfQL0fHVqaSC8SoFqAcREi', 'user93@gmail.com', 'Danny', 'Dash', '1985-12-10', 'M', '0998880093', NULL, NULL, 0, '2022-04-20 04:57:57', '2022-04-24 00:56:53'),
(103, 3, 'user94', '$2b$10$3wd6wm8ypQ/x4k7wfHh4n.GOL9uhvOsDfQL0fHVqaSC8SoFqAcREi', 'user94@gmail.com', 'Rita', 'Ora', '1989-07-08', 'F', '0998880094', NULL, NULL, 0, '2022-04-20 07:56:53', '2022-04-25 00:56:53'),
(104, 3, 'user95', '$2b$10$3wd6wm8ypQ/x4k7wfHh4n.GOL9uhvOsDfQL0fHVqaSC8SoFqAcREi', 'user95@gmail.com', 'Victoria', 'Beckham', '1990-09-30', 'F', '0998880095', NULL, NULL, 0, '2022-04-20 09:56:53', '2022-04-26 00:56:53'),
(105, 3, 'user96', '$2b$10$3wd6wm8ypQ/x4k7wfHh4n.GOL9uhvOsDfQL0fHVqaSC8SoFqAcREi', 'user96@yahoo.co.th', 'Tom', 'Hanks', '1989-09-06', 'O', '0998880096', NULL, NULL, 0, '2022-04-21 04:56:53', '2022-04-28 00:56:53'),
(106, 3, 'user97', '$2b$10$3wd6wm8ypQ/x4k7wfHh4n.GOL9uhvOsDfQL0fHVqaSC8SoFqAcREi', 'user97@hotmail.com', 'Tom', 'Cruise', '1970-07-10', 'O', '0998880097', NULL, NULL, 0, '2022-04-21 07:56:53', '2022-04-28 07:45:25'),
(107, 3, 'user98', '$2b$10$3wd6wm8ypQ/x4k7wfHh4n.GOL9uhvOsDfQL0fHVqaSC8SoFqAcREi', 'user98@gmail.com', 'Kourtney', 'Kardashian', '1999-09-30', 'O', '0998880098', NULL, NULL, 0, '2022-04-21 14:56:53', '2022-04-21 15:36:23'),
(108, 3, 'user99', '$2b$10$3wd6wm8ypQ/x4k7wfHh4n.GOL9uhvOsDfQL0fHVqaSC8SoFqAcREi', 'user99@gmail.com', 'Yeonkyung', 'Kim', '1979-09-30', 'F', '0998880099', NULL, NULL, 0, '2022-04-21 14:56:53', '2022-04-21 15:36:23'),
(109, 3, 'user100', '$2b$10$3wd6wm8ypQ/x4k7wfHh4n.GOL9uhvOsDfQL0fHVqaSC8SoFqAcREi', 'user100@hotmail.com', 'Denzel', 'Washington', '1982-08-20', 'M', '0998880100', NULL, NULL, 0, '2022-04-21 14:56:53', '2022-04-21 15:36:23'),
(110, 3, 'user101', '$2b$10$3wd6wm8ypQ/x4k7wfHh4n.GOL9uhvOsDfQL0fHVqaSC8SoFqAcREi', 'user101@gmail.com', 'Robert', 'Downey', '1995-02-13', 'O', '0998880101', NULL, NULL, 0, '2022-04-21 14:56:53', '2022-04-21 15:36:23'),
(111, 3, 'user102', '$2b$10$3wd6wm8ypQ/x4k7wfHh4n.GOL9uhvOsDfQL0fHVqaSC8SoFqAcREi', 'user102@kmutt.ac.th', 'John', 'Olsen', '1989-04-30', 'O', '0998880102', NULL, NULL, 0, '2022-04-21 14:56:53', '2022-04-21 15:36:23'),
(112, 3, 'user103', '$2b$10$3wd6wm8ypQ/x4k7wfHh4n.GOL9uhvOsDfQL0fHVqaSC8SoFqAcREi', 'user103@gmail.com', 'Patiphan', 'Posri', '1985-12-10', 'M', '0998880103', NULL, NULL, 0, '2022-04-21 14:56:53', '2022-04-21 15:36:23'),
(113, 3, 'user104', '$2b$10$3wd6wm8ypQ/x4k7wfHh4n.GOL9uhvOsDfQL0fHVqaSC8SoFqAcREi', 'user104@gmail.com', 'Amy', 'Wong', '1989-07-08', 'F', '0998880104', NULL, NULL, 0, '2022-04-21 14:56:53', '2022-04-21 15:36:23'),
(114, 3, 'user105', '$2b$10$3wd6wm8ypQ/x4k7wfHh4n.GOL9uhvOsDfQL0fHVqaSC8SoFqAcREi', 'user105@gmail.com', 'Jane', 'Lawrence', '1990-09-30', 'F', '0998880105', NULL, NULL, 0, '2022-04-21 14:56:53', '2022-04-21 15:36:23'),
(115, 3, 'user106', '$2b$10$3wd6wm8ypQ/x4k7wfHh4n.GOL9uhvOsDfQL0fHVqaSC8SoFqAcREi', 'user106@yahoo.co.th', 'Brad', 'Pitt', '1989-09-06', 'O', '0998880106', NULL, NULL, 0, '2022-04-21 14:56:53', '2022-04-21 15:36:23'),
(116, 3, 'user107', '$2b$10$3wd6wm8ypQ/x4k7wfHh4n.GOL9uhvOsDfQL0fHVqaSC8SoFqAcREi', 'user107@hotmail.com', 'John', 'Gym', '1970-07-10', 'O', '0998880107', NULL, NULL, 0, '2022-04-21 14:56:53', '2022-04-21 15:36:23'),
(117, 3, 'user108', '$2b$10$3wd6wm8ypQ/x4k7wfHh4n.GOL9uhvOsDfQL0fHVqaSC8SoFqAcREi', 'user108@gmail.com', 'Scarlett', 'Johansson', '1999-09-30', 'F', '0998880108', NULL, NULL, 0, '2022-04-21 14:56:53', '2022-04-21 15:36:23'),
(118, 3, 'user109', '$2b$10$3wd6wm8ypQ/x4k7wfHh4n.GOL9uhvOsDfQL0fHVqaSC8SoFqAcREi', 'user109@gmail.com', 'Maneerat', 'Mankong', '1979-09-30', 'F', '0998880109', NULL, NULL, 0, '2022-04-21 14:56:53', '2022-04-21 15:36:23'),
(119, 3, 'user110', '$2b$10$3wd6wm8ypQ/x4k7wfHh4n.GOL9uhvOsDfQL0fHVqaSC8SoFqAcREi', 'user110@hotmail.com', 'Bradley', 'Cooper', '1982-08-20', 'M', '0998880110', NULL, NULL, 0, '2022-04-21 14:56:53', '2022-04-21 15:36:23'),
(120, 3, 'user111', '$2b$10$3wd6wm8ypQ/x4k7wfHh4n.GOL9uhvOsDfQL0fHVqaSC8SoFqAcREi', 'user111@gmail.com', 'Morgan', 'Freeman', '1995-02-13', 'O', '0998880111', NULL, NULL, 0, '2022-04-21 14:56:53', '2022-04-21 15:36:23'),
(121, 3, 'user112', '$2b$10$3wd6wm8ypQ/x4k7wfHh4n.GOL9uhvOsDfQL0fHVqaSC8SoFqAcREi', 'user112@kmutt.ac.th', 'Namjon', 'Kim', '1989-04-30', 'O', '0998880112', NULL, NULL, 0, '2022-04-21 14:56:53', '2022-04-21 15:36:23'),
(122, 3, 'user113', '$2b$10$3wd6wm8ypQ/x4k7wfHh4n.GOL9uhvOsDfQL0fHVqaSC8SoFqAcREi', 'user113@gmail.com', 'Seokjin', 'Kim', '1985-12-10', 'M', '0998880113', NULL, NULL, 0, '2022-04-21 14:56:53', '2022-04-21 15:36:23'),
(123, 3, 'user114', '$2b$10$3wd6wm8ypQ/x4k7wfHh4n.GOL9uhvOsDfQL0fHVqaSC8SoFqAcREi', 'user114@gmail.com', 'Juhyeon', 'Bae', '1989-07-08', 'F', '0998880114', NULL, NULL, 0, '2022-04-21 14:56:53', '2022-04-21 15:36:23'),
(124, 3, 'user115', '$2b$10$3wd6wm8ypQ/x4k7wfHh4n.GOL9uhvOsDfQL0fHVqaSC8SoFqAcREi', 'user115@gmail.com', 'Seulgi', 'Kang', '1990-09-30', 'F', '0998880115', NULL, NULL, 0, '2022-04-21 14:56:53', '2022-04-21 15:36:23'),
(125, 3, 'user116', '$2b$10$3wd6wm8ypQ/x4k7wfHh4n.GOL9uhvOsDfQL0fHVqaSC8SoFqAcREi', 'user116@yahoo.co.th', 'Yeri', 'Kim', '1989-09-06', 'O', '0998880116', NULL, NULL, 0, '2022-04-21 14:56:53', '2022-04-21 15:36:23'),
(126, 3, 'user117', '$2b$10$3wd6wm8ypQ/x4k7wfHh4n.GOL9uhvOsDfQL0fHVqaSC8SoFqAcREi', 'user117@hotmail.com', 'Yoongi', 'Min', '1970-07-10', 'O', '0998880117', NULL, NULL, 0, '2022-04-21 14:56:53', '2022-04-21 15:36:23'),
(127, 3, 'user118', '$2b$10$3wd6wm8ypQ/x4k7wfHh4n.GOL9uhvOsDfQL0fHVqaSC8SoFqAcREi', 'user118@gmail.com', 'Nayeon', 'Kim', '1999-09-30', 'F', '0998880118', NULL, NULL, 0, '2022-04-21 14:56:53', '2022-04-21 15:36:23'),
(128, 3, 'user119', '$2b$10$3wd6wm8ypQ/x4k7wfHh4n.GOL9uhvOsDfQL0fHVqaSC8SoFqAcREi', 'user119@gmail.com', 'Sally', 'Swim', '1979-09-30', 'F', '0998880119', NULL, NULL, 0, '2022-04-21 14:56:53', '2022-04-21 15:36:23'),
(129, 3, 'user120', '$2b$10$3wd6wm8ypQ/x4k7wfHh4n.GOL9uhvOsDfQL0fHVqaSC8SoFqAcREi', 'user120@hotmail.com', 'Rome', 'Reynolds', '1982-08-20', 'M', '0998880120', NULL, NULL, 0, '2022-04-21 14:56:53', '2022-04-21 15:36:23'),
(130, 3, 'user121', '$2b$10$3wd6wm8ypQ/x4k7wfHh4n.GOL9uhvOsDfQL0fHVqaSC8SoFqAcREi', 'user121@gmail.com', 'Joan', 'Lopez', '1995-02-13', 'O', '0998880121', NULL, NULL, 0, '2022-04-21 14:56:53', '2022-04-21 15:36:23'),
(131, 3, 'user122', '$2b$10$3wd6wm8ypQ/x4k7wfHh4n.GOL9uhvOsDfQL0fHVqaSC8SoFqAcREi', 'user122@kmutt.ac.th', 'Abby', 'Hilton', '1989-04-30', 'O', '0998880122', NULL, NULL, 0, '2022-04-21 14:56:53', '2022-04-21 15:36:23'),
(132, 3, 'user123', '$2b$10$3wd6wm8ypQ/x4k7wfHh4n.GOL9uhvOsDfQL0fHVqaSC8SoFqAcREi', 'user123@gmail.com', 'Dean', 'Beckham', '1985-12-10', 'M', '0998880123', NULL, NULL, 0, '2022-04-21 14:56:53', '2022-04-21 15:36:23'),
(133, 3, 'user124', '$2b$10$3wd6wm8ypQ/x4k7wfHh4n.GOL9uhvOsDfQL0fHVqaSC8SoFqAcREi', 'user124@gmail.com', 'Emily', 'Watson', '1989-07-08', 'F', '0998880124', NULL, NULL, 0, '2022-04-21 14:56:53', '2022-04-21 15:36:23'),
(134, 3, 'user125', '$2b$10$3wd6wm8ypQ/x4k7wfHh4n.GOL9uhvOsDfQL0fHVqaSC8SoFqAcREi', 'user125@gmail.com', 'Elsa', 'Stone', '1990-09-30', 'F', '0998880125', NULL, NULL, 0, '2022-04-21 14:56:53', '2022-04-21 15:36:23'),
(135, 3, 'user126', '$2b$10$3wd6wm8ypQ/x4k7wfHh4n.GOL9uhvOsDfQL0fHVqaSC8SoFqAcREi', 'user126@yahoo.co.th', 'Jimmy', 'Clooney', '1989-09-06', 'O', '0998880126', NULL, NULL, 0, '2022-04-21 14:56:53', '2022-04-21 15:36:23'),
(136, 3, 'user127', '$2b$10$3wd6wm8ypQ/x4k7wfHh4n.GOL9uhvOsDfQL0fHVqaSC8SoFqAcREi', 'user127@hotmail.com', 'Sam', 'Smith', '1970-07-10', 'O', '0998880127', NULL, NULL, 0, '2022-04-21 14:56:53', '2022-04-21 15:36:23'),
(137, 3, 'user128', '$2b$10$3wd6wm8ypQ/x4k7wfHh4n.GOL9uhvOsDfQL0fHVqaSC8SoFqAcREi', 'user128@gmail.com', 'North', 'West', '1999-09-30', 'F', '0998880128', NULL, NULL, 0, '2022-04-21 14:56:53', '2022-04-21 15:36:23'),
(138, 3, 'user129', '$2b$10$3wd6wm8ypQ/x4k7wfHh4n.GOL9uhvOsDfQL0fHVqaSC8SoFqAcREi', 'user129@gmail.com', 'Lily', 'Main', '1979-09-30', 'F', '0998880129', NULL, NULL, 0, '2022-04-21 14:56:53', '2022-04-21 15:36:23'),
(139, 3, 'user130', '$2b$10$3wd6wm8ypQ/x4k7wfHh4n.GOL9uhvOsDfQL0fHVqaSC8SoFqAcREi', 'user130@hotmail.com', 'Ron', 'Reynolds', '1982-08-20', 'M', '0998880130', NULL, NULL, 0, '2022-04-21 14:56:53', '2022-04-21 15:36:23'),
(140, 3, 'user131', '$2b$10$3wd6wm8ypQ/x4k7wfHh4n.GOL9uhvOsDfQL0fHVqaSC8SoFqAcREi', 'user131@gmail.com', 'Jelly', 'Lopez', '1995-02-13', 'O', '0998880131', NULL, NULL, 0, '2022-04-21 14:56:53', '2022-04-21 15:36:23'),
(141, 3, 'user132', '$2b$10$3wd6wm8ypQ/x4k7wfHh4n.GOL9uhvOsDfQL0fHVqaSC8SoFqAcREi', 'user132@kmutt.ac.th', 'Christina', 'Hilton', '1989-04-30', 'O', '0998880132', NULL, NULL, 0, '2022-04-21 14:56:53', '2022-04-21 15:36:23'),
(142, 3, 'user133', '$2b$10$3wd6wm8ypQ/x4k7wfHh4n.GOL9uhvOsDfQL0fHVqaSC8SoFqAcREi', 'user133@gmail.com', 'Mary', 'Beckham', '1985-12-10', 'M', '0998880133', NULL, NULL, 0, '2022-04-21 14:56:53', '2022-04-21 15:36:23'),
(143, 3, 'user134', '$2b$10$3wd6wm8ypQ/x4k7wfHh4n.GOL9uhvOsDfQL0fHVqaSC8SoFqAcREi', 'user134@gmail.com', 'Lauren', 'Watson', '1989-07-08', 'F', '0998880134', NULL, NULL, 0, '2022-04-21 14:56:53', '2022-04-21 15:36:23'),
(144, 3, 'user135', '$2b$10$3wd6wm8ypQ/x4k7wfHh4n.GOL9uhvOsDfQL0fHVqaSC8SoFqAcREi', 'user135@gmail.com', 'Dochi', 'Stone', '1990-09-30', 'F', '0998880135', NULL, NULL, 0, '2022-04-21 14:56:53', '2022-04-21 15:36:23'),
(145, 3, 'user136', '$2b$10$3wd6wm8ypQ/x4k7wfHh4n.GOL9uhvOsDfQL0fHVqaSC8SoFqAcREi', 'user136@yahoo.co.th', 'Abel', 'Clooney', '1989-09-06', 'O', '0998880136', NULL, NULL, 0, '2022-04-21 14:56:53', '2022-04-21 15:36:23'),
(146, 3, 'user137', '$2b$10$3wd6wm8ypQ/x4k7wfHh4n.GOL9uhvOsDfQL0fHVqaSC8SoFqAcREi', 'user137@hotmail.com', 'Sommai', 'Combs', '1970-07-10', 'O', '0998880137', NULL, NULL, 0, '2022-04-21 14:56:53', '2022-04-21 15:36:23'),
(147, 3, 'user138', '$2b$10$3wd6wm8ypQ/x4k7wfHh4n.GOL9uhvOsDfQL0fHVqaSC8SoFqAcREi', 'user138@gmail.com', 'Kenny', 'Kardashian', '1999-09-30', 'F', '0998880138', NULL, NULL, 0, '2022-04-21 14:56:53', '2022-04-21 15:36:23'),
(148, 3, 'user139', '$2b$10$3wd6wm8ypQ/x4k7wfHh4n.GOL9uhvOsDfQL0fHVqaSC8SoFqAcREi', 'user139@gmail.com', 'Dona', 'Smith', '1979-09-30', 'F', '0998880139', NULL, NULL, 0, '2022-04-21 14:56:53', '2022-04-21 15:36:23'),
(149, 3, 'user140', '$2b$10$3wd6wm8ypQ/x4k7wfHh4n.GOL9uhvOsDfQL0fHVqaSC8SoFqAcREi', 'user140@hotmail.com', 'Rome', 'Reynolds', '1982-08-20', 'M', '0998880140', NULL, NULL, 0, '2022-04-21 14:56:53', '2022-04-21 15:36:23'),
(150, 3, 'user141', '$2b$10$3wd6wm8ypQ/x4k7wfHh4n.GOL9uhvOsDfQL0fHVqaSC8SoFqAcREi', 'user141@gmail.com', 'Selena', 'Lopez', '1995-02-13', 'O', '0998880141', NULL, NULL, 0, '2022-04-21 14:56:53', '2022-04-21 15:36:23'),
(151, 3, 'user142', '$2b$10$3wd6wm8ypQ/x4k7wfHh4n.GOL9uhvOsDfQL0fHVqaSC8SoFqAcREi', 'user142@kmutt.ac.th', 'Taylor', 'Hilton', '1989-04-30', 'O', '0998880142', NULL, NULL, 0, '2022-04-21 14:56:53', '2022-04-21 15:36:23'),
(152, 3, 'user143', '$2b$10$3wd6wm8ypQ/x4k7wfHh4n.GOL9uhvOsDfQL0fHVqaSC8SoFqAcREi', 'user143@gmail.com', 'Justin', 'Beckham', '1985-12-10', 'M', '0998880143', NULL, NULL, 0, '2022-04-21 14:56:53', '2022-04-21 15:36:23'),
(153, 3, 'user144', '$2b$10$3wd6wm8ypQ/x4k7wfHh4n.GOL9uhvOsDfQL0fHVqaSC8SoFqAcREi', 'user144@gmail.com', 'Katy', 'Watson', '1989-07-08', 'F', '0998880144', NULL, NULL, 0, '2022-04-21 14:56:53', '2022-04-21 15:36:23'),
(154, 3, 'user145', '$2b$10$3wd6wm8ypQ/x4k7wfHh4n.GOL9uhvOsDfQL0fHVqaSC8SoFqAcREi', 'user145@gmail.com', 'Demi', 'Stone', '1990-09-30', 'F', '0998880145', NULL, NULL, 0, '2022-04-21 14:56:53', '2022-04-21 15:36:23'),
(155, 3, 'user146', '$2b$10$3wd6wm8ypQ/x4k7wfHh4n.GOL9uhvOsDfQL0fHVqaSC8SoFqAcREi', 'user146@yahoo.co.th', 'Troy', 'Clooney', '1989-09-06', 'O', '0998880146', NULL, NULL, 0, '2022-04-21 14:56:53', '2022-04-21 15:36:23'),
(156, 3, 'user147', '$2b$10$3wd6wm8ypQ/x4k7wfHh4n.GOL9uhvOsDfQL0fHVqaSC8SoFqAcREi', 'user147@hotmail.com', 'Ed', 'Combs', '1970-07-10', 'O', '0998880147', NULL, NULL, 0, '2022-04-21 14:56:53', '2022-04-21 15:36:23'),
(157, 3, 'user148', '$2b$10$3wd6wm8ypQ/x4k7wfHh4n.GOL9uhvOsDfQL0fHVqaSC8SoFqAcREi', 'user148@gmail.com', 'Charlie', 'Kardashian', '1999-09-30', 'F', '0998880148', NULL, NULL, 0, '2022-04-21 14:56:53', '2022-04-21 15:36:23'),
(158, 3, 'user149', '$2b$10$3wd6wm8ypQ/x4k7wfHh4n.GOL9uhvOsDfQL0fHVqaSC8SoFqAcREi', 'user149@gmail.com', 'Jenna', 'Jar', '1979-09-30', 'F', '0998880149', NULL, NULL, 0, '2022-04-21 14:56:53', '2022-04-21 15:36:23'),
(159, 3, 'user150', '$2b$10$3wd6wm8ypQ/x4k7wfHh4n.GOL9uhvOsDfQL0fHVqaSC8SoFqAcREi', 'user150@hotmail.com', 'Rockey', 'Reynolds', '1982-08-20', 'M', '0998880150', NULL, NULL, 0, '2022-04-21 14:56:53', '2022-04-21 15:36:23'),
(160, 3, 'user151', '$2b$10$3wd6wm8ypQ/x4k7wfHh4n.GOL9uhvOsDfQL0fHVqaSC8SoFqAcREi', 'user151@gmail.com', 'Rosan', 'Lopez', '1995-02-13', 'O', '0998880151', NULL, NULL, 0, '2022-04-21 14:56:53', '2022-04-21 15:36:23'),
(161, 3, 'user152', '$2b$10$3wd6wm8ypQ/x4k7wfHh4n.GOL9uhvOsDfQL0fHVqaSC8SoFqAcREi', 'user152@kmutt.ac.th', 'Selca', 'Hilton', '1989-04-30', 'O', '0998880152', NULL, NULL, 0, '2022-04-21 14:56:53', '2022-04-21 15:36:23'),
(162, 3, 'user153', '$2b$10$3wd6wm8ypQ/x4k7wfHh4n.GOL9uhvOsDfQL0fHVqaSC8SoFqAcREi', 'user153@gmail.com', 'Dawn', 'Beckham', '1985-12-10', 'M', '0998880153', NULL, NULL, 0, '2022-04-21 14:56:53', '2022-04-21 15:36:23'),
(163, 3, 'user154', '$2b$10$3wd6wm8ypQ/x4k7wfHh4n.GOL9uhvOsDfQL0fHVqaSC8SoFqAcREi', 'user154@gmail.com', 'Florenz', 'Watson', '1989-07-08', 'F', '0998880154', NULL, NULL, 0, '2022-04-21 14:56:53', '2022-04-21 15:36:23'),
(164, 3, 'user155', '$2b$10$3wd6wm8ypQ/x4k7wfHh4n.GOL9uhvOsDfQL0fHVqaSC8SoFqAcREi', 'user155@gmail.com', 'Sally', 'Stone', '1990-09-30', 'F', '0998880155', NULL, NULL, 0, '2022-04-21 14:56:53', '2022-04-21 15:36:23'),
(165, 3, 'user156', '$2b$10$3wd6wm8ypQ/x4k7wfHh4n.GOL9uhvOsDfQL0fHVqaSC8SoFqAcREi', 'user156@yahoo.co.th', 'Susan', 'Clooney', '1989-09-06', 'O', '0998880156', NULL, NULL, 0, '2022-04-21 14:56:53', '2022-04-21 15:36:23'),
(166, 3, 'user157', '$2b$10$3wd6wm8ypQ/x4k7wfHh4n.GOL9uhvOsDfQL0fHVqaSC8SoFqAcREi', 'user157@hotmail.com', 'Sue', 'Combs', '1970-07-10', 'O', '0998880157', NULL, NULL, 0, '2022-04-21 14:56:53', '2022-04-21 15:36:23');





--
-- Dumping data for table `userinterest`
--

INSERT INTO `userinterest` (`user_id`, `category_id`) VALUES
(3, 2),
(3, 4),
(4, 2),
(5, 3);

--
-- Dumping data for table `article`
--

INSERT INTO `article` (`article_id`, `author_id`, `category_id`, `title`, `content`, `article_pic`, `sub_required`, `created_at`, `updated_at`) VALUES
(1, 4, 2, 'Fact: Retro Video Game Cover Art Rocked', 'Who doesn\'t immediately feel their nostalgia sense tingling whenever they think about good old video game box art? That\'s not just because it absolutely owned; it\'s also because the industry seems to have sadly given up on making sick-ass art to promote their games. With this, we\'re not saying that all retro box art was museum-worthy. A considerable portion of it definitely wasn\'t, but we can\'t help but feel like we\'re getting a disservice when even hilariously bad art gets replaced by no art at all. Most game box art/covers nowadays are just a CG render of the main character, making them mostly interchangeable noise. Many blame the trend on how the industry has greatly shifted from physical copies to digital ones, but there\'s more to it. It was long before we all fell under Steam\'s rule that game developers started slacking off in the box art department.\r\n\r\nWhat better example than the cover art of Final Fantasy VI for the SNES. It featured art by Yoshitaka Amano that beautifully showed the game\'s main character and world.\r\n\r\nThat\'s not even the worst offender, but it began the trend of featuring a bland CGI render instead of some sweet-looking art. Ok, we know that the idea of using some lush painting to promote games that can in no way match what\'s on the box was essentially a scam, but it was a scam that we only fell for/had our parents falling for once. After popping the cartridge in, we got disappointed that the beautifully detailed characters turned out to be just simple sprites, but if the game was good enough, that was just fine. Even as kids, we very quickly learned that no actual gameplay could match what was on the box.', 'Gaming-6.jpg', 1, '2022-05-15 14:00:33', '2022-05-15 14:00:33'),
(2, 5, 1, 'A Billion Human Beings Have Been \'Rickrolled\'', 'Forget \"Despacito,\" \"Shape of You,\" or whatever Danish-Italian douche anthem is currently topping the online charts. While these tunes may have racked up tens of billions of listens on YouTube and Spotify, none of them have even a sliver of the staying power of the most well-known song on the internet, an unlikely eighties hit that every single soul on this planet has heard by now. Whether they wanted to or not.\r\nWhoops, wrong link. Recently, the internet celebrated a landmark event as Rick Astley\'s \"Never Gonna Give You Up\" got its one billionth hit on YouTube -- not counting the billions of times the video has been furiously shut off within the first five seconds. And that\'s not the only way the trifling billion views are unrepresentative of the song\'s pervasiveness. While Astley himself uploaded the official video in 2009, that was already past the glory days of the song\'s greatest achievement: The Rickroll, the only meme so feared it made a generation that can\'t even memorize their parents\' phone numbers memorize an entire URL chain.', 'Music-6.jpg', 0, '2022-05-15 14:02:24', '2022-05-15 14:02:24'),
(3, 3, 5, 'The Beauty Products You Need to Throw Away RIGHT NOW', 'Its true that nothing lasts forever, and beauty products are no exception. Once you open your newest skincare or makeup find, the clock starts tickingand honestly, sometimes the countdown begins before you even open it.\r\n\r\nHave you been holding on to some products for years? Trust me, youre not alone (I know Im guilty). But, as the weeks and months go by, the half-finished bottles are slowly losing their efficacy. Using expired beauty products may seem harmlesssometimes, it just means theyre less effective. Other times, however, they can lead to unwelcome skin irritation, reactions, and infections.\r\n\r\nA few different factors contribute to a products shelf life, including the formula, ingredients, packaging, and storage method. Due to a lack of regulations, a clear expiration date cant always be found (thanks, FDA!), so were breaking it down for you. And anyway, what better time to refresh your beauty cabinet than with spring approaching?\r\n\r\nHow can I keep track of expiration dates?\r\nWe know that was a lot of information but better safe than sorry, especially when it comes to skin health! Here are some quick ways to stay on top of these dates. While it may not always be available, keep a lookout for the period-after-opening (PAO) symbol that identifies the lifetime of a cosmetic product after its been opened. In case you havent noticed it before, the symbol looks like an open container with a time limit on it, like 12M or 24M. Also, click to download and print out our graphic below and have it handy. And, if youre anything like us and like to stay organized, you can use stickers or tape to keep note of when you open products and how long they should be good for. Stick them right on each jar or bottle, so you can easily keep track.', 'Beauty-6.jpg', 1, '2022-05-15 14:04:02', '2022-05-15 14:04:02'),
(4, 3, 1, 'Music Mystery: Jandek Is Music\'s Banksy AND Tommy Wiseau Wrapped In One', 'Music hipsters love to brag about discovering musicians \"before they were famous,\" as if that allows them to appreciate the art without having to deal with the ever-looming presence of the celebrity artist. And at the pinnacle of that contradictory logic stands Jandek, who isn\'t just the most famous non-famous musician but also the most non-musical musical one.\r\n\r\nIt takes a lot of skill to make a good song, but it takes even more to make a song that\'s intentionally bad in a good way. This is the musical talent of Jandek. Working under the equally mysterious label of Corwood Industries, Jandek is a musician/band/weird outsider art project that has been shrouded in mystery for over 40 years. Having given only two interviews (reluctantly) over their entire career, Jandek\'s mantra is to shun the limelight, letting their music speak for itself. And it has a lot to say. Since 1978, Jandek has released over one hundred albums and singles, often just shipping crates of them out to DJs and lucky fans, telling them to pass them along as they see fit.\r\n\r\nSo what kind of music does Jandek play? That\'s a tough question. With a weirdly strung guitar and intentionally dissonant vocals, Jandek is almost anti-music while still having the music sound like it\'s made by a professional and talented artist. If you\'d have to box them into a genre, that genre would be: \"your favorite indie band in the middle of a mental breakdown.\" For example, his song \"Lavender,\" which could have easily been on a Pink Floyd album if they ever tried to record a song suffering from LSD-withdrawal shakes.\r\n', 'Music-1.jpg', 1, '2022-05-15 03:56:02', '2022-05-15 03:56:02'),
(5, 4, 1, 'Coachella Reveals Danny Elfman Is Covered In Tattoos And Ripped', 'I may simply have fallen victim to expectations, but if someone were to ask me to draw what I thought an Academy Award-nominated film composer looked like, I have a general idea of the direction I would go in. I would probably draw a slight, bookish man, the type you might find browsing the wares of a shop full of antiques and curios. Round, owlish glasses would likely be perched on his nose, a balding pate of salt-and-pepper hair. A comfortably fitted sports jacket, in one of the intellectual fabrics, like tweed or a ball of worsted wool. All Im saying is, in my minds eye, on a spectrum of Anthony Kiedis to Bob Balaban, theyd be heavily, heavily swung towards the Balaban side of things.\r\nEven when I was told that Danny Elfman performed at Coachella, this broad image persisted. I would have expected that same nebbish fellow to be shrunk behind a large organ or piano, or conducting an orchestra with subtle flicks of a wand. What I definitely did not expect was for Danny Elfman to be absolutely, undeniably ripped and covered in tattoos, with an electric guitar slung over his shoulder. At first, I figured the picture I was looking at was some reunion tour of a 90s grunge act, one of the few ones where the former frontman actually aged gracefully. I expected Philip Seymour Hoffman and I got redheaded Chris Cornell.\r\nThis is the (68-YEAR-OLD) guy who composed the Simpsons theme song and did the score for Good Will Hunting? He looks like a guy that would walk out of your moms bedroom shirtless and ask what you were playing on your Super Nintendo. In my Elfman research, I did find out that he was a legitimate rockstar in the band Oingo Boingo, which makes a little more sense, but this is still throwing me for a loop. He looks like hes about to sell me powdered green juice in an instagram reel effectively enough that I truly consider it.\r\nTo you, Danny Elfman, I give a resounding, echoing Hell Yeah. Among many other achievements, youve earned three things that I consider hugely impressive in this life: an Academy Awards nomination, abs, and a villain named after your band in Jojos Bizarre Adventure.\r\n', 'Music-2.jpg', 1, '2022-05-15 04:04:06', '2022-05-15 04:04:06'),
(6, 5, 1, 'Ben Franklin And The Harmonica Of Madness', 'Have you ever seen a musician do a novelty act, playing music by rubbing their fingers on a bunch of glasses filled with water? That instrument is called a glass harp, and it\'s existed for centuries, longer than many more legitimate instruments. In 1761, Benjamin Franklin looked at the glass harp and thought, \"That\'s cool. But let\'s see if we can make this work without all that water.\"\r\nHe made an instrument that uses differently-shaped glasses but is piled horizontally so they all spin on a shared spindle. As with the glass harp, you run your fingers over the rims to make music. Franklin named the device the armonica. Today, it\'s more often called a glass harmonica, but it\'s not a variant of the harmonicathe harmonica wouldn\'t be invented till decades later.\r\nSo, Ben Franklin invented a musical instrument. Cool, cool. That would be the end of the story, except that people were convinced that the armonica drove them mad. \r\nThere is something distinct about the sounds the armonica makes. Franklin called them \"incomparably sweet beyond those of any other.\" Other people said it stimulates the nerves too much, enough to rip your mind apart. One professional harmonica player grew depressed, and the strange sounds received the blame. \r\nOne modern explanation for the armonica\'s effects is that it was made of lead glass, and so those who often played it suffered from lead poisoning. Another explanation says that it produces tones with a unique frequency that the human ear doesn\'t normally associate with sound, leading you to become disoriented, nauseous, or worse. Neither of these explanations stands up to scientific scrutiny, so maybe it just sounds kind of weird, some people\'s health suffered for unrelated reasons, and everyone was scared for nothing.\r\n', 'Music-3.jpg', 0, '2022-05-15 04:04:06', '2022-05-15 04:04:06'),
(7, 6, 1, 'Jazz Fest: A New Orleans Story Review: An Event With Unique Flavor', 'As has been demonstrated in films as wide-ranging as Monterey Pop, Woodstock, and Summer of Soul, music festivals cant help but get part of their vibe from their settings. As musicians from all over the world testify in the documentary Jazz Fest: A New Orleans Story, directed by Frank Marshall and Ryan Suffern, the Louisiana citys annual jazz festival has an irreproducible flavor because it happens in the cradle of American music.\r\nThe movies opening montage, featuring familiar famous faces ranging from Tom Jones to Pitbull, is  happily  a bit of a fake-out. These big names and others get some play (and in what some might consider an unfortunate feature, Jimmy Buffett gets a lot of play) but the movie is conscientiously attentive to the festivals homegrown eclecticism.\r\n \r\nExploring the musical atmosphere of New Orleans itself, the film features experts laying out the distinctions between Cajun and Zydeco, for example. While both are dance music that trades in old melodies, the latter features electric guitar and washboard and comes at you like a freight train. The organizational work was soon handled by the young music enthusiast Quint Davis, whos still in charge today.\r\n \r\nThe ebullient history  which also cites on-site food tents as a mind-blowing component of the fests appeal  becomes tearful when Hurricane Katrina decimates New Orleans in 2005. \r\n', 'Music-4.jpg', 1, '2022-05-15 04:08:42', '2022-05-15 04:08:42'),
(8, 7, 1, 'It Turns Out Were Right to Judge People By Their Taste in Music', 'Whether it\'s assumptions about the intelligence of One Direction fans or the moodiness of people who prefer bands with names that are full sentences, we\'ve all judged people based on what they listen to, and it turns out we\'re right to do so. The kind of music we like is actually a pretty reliable reflection of how we think, feel, and our personalities and sometimes a strong influence over it.\r\nThe opposite is also true: Someone who prefers harder-edged, more complicated music is probably a more logic-oriented person who enjoys picking apart fine details, which is why prog rock fans are so insufferable.\r\n\r\nThey\'re also more likely to be extroverted, honest, hard-working, and confident, so it\'s not all bad. Heavy metal fans, for example, are actually a lot less aggressive than their affinity toward power chords would let on, though they also tend to have lower self-esteem.\r\n\r\nCountry and indie rock fans are exactly who you think they are, but apparently, the best people are fans of blues, soul, and jazz. They\'re extroverted, confident, creative, and intelligent, so keep an eye out for those keywords on Tinder, even if they don\'t look like Ryan Gosling.\r\n', 'Music-5.jpg', 0, '2022-05-15 04:08:42', '2022-05-15 04:08:42'),
(9, 7, 2, 'NFT Games Are Coming And They Suck', 'Like everyone else, I wake up each morning in a cold sweat, worrying that crypto bros have put me on the blockchain. Nothing is safe from this encroaching wall of nonsense. Every animal has its own NFT, more and more banks are investing in Bitcoin, and even Twitter is building a crypto team. \r\nAt this point, we know AAA blockchain games are on the way. EA\'s CEO said on their most recent earnings call that play-to-earn games are the \"future of our industry,\" shortly after Ubisoft announced on their earnings call that they were going to make blockchain games. No surprise that two of the most profit-hungry studios are chasing the coin wherever they can find it, especially after Animoca Brands\' The Sandbox just got millions of dollars of funding to work on blockchain gaming. It\'s awful to see so many bankers so happy.\r\nBut banks love numbers, and when you only look at the numbers, pay-to-earn games seem to be doing pretty well. Splinterlands is one of the largest pay-to-earn games, seeing millions of transactions, millions of games and thousands of dollars flow through it every day. All of which is almost enough to cover up the fact that it is an absolute garbage game. If it\'s a game at all. No returns at Gamestop bad. 70% off on Steam the year it was released bad. Cyberpunk 2077 is bad.', 'Gaming-1.jpg', 1, '2022-05-15 04:11:10', '2022-05-15 04:11:10'),
(10, 8, 2, 'A Hellish Glimpse Into The Future Of Gaming', 'Happy 2035! Were happy to announce Rockstar has just released GTA VI: The Definitive Edition for Oculus 4, the first game they\'ve published in a decade. After repackaging every single piece of IP they own for over a decade one by one, the company has delighted fans with a re-re-issue. \r\nPer industry standard. The exhausting work was performed by people who clearly had no experience of the game they were working on, shoving out the product on a short deadline while agreeing to work for pennies. This game is truly the culmination of decades of industry trends. \r\nAs Microsoft has bought every franchise on the planet, Sony was forced to lean exclusively on Rockstar to pay the bills as Cyberpunk 2077 is still being patched. The only game publisher that has successfully defeated the hacking menace? EA. \r\nHow did Rockstar, a studio famous for its edgy, blistering take on political and cultural issues, handle all the hot-button topics rife for ridicule like Covid, state surveillance, internment camps, and the slow decline of democracy? Astutely. Instead of doubling down on the Americans are fat and dumb jokes theyve been repeating ad nauseum for the last thirty years. Dont worry, Rockstar will still be preaching about how greedy and hypocritical establishment figures are, just not commenting on their industry. Where would people get such a silly notion!\r\n', 'Gaming-2.jpg', 0, '2022-05-15 04:11:10', '2022-05-15 04:11:10'),
(11, 3, 2, '\'Titanic\' Board Games Are Weird As Hell', 'Because the art of cinema is apparently just a long-con designed to sell useless merchandise, weve naturally gotten some weird movie-based board games over the years which is basically Clue but where one of your friends is secretly a knife-handed child murderer. Despite the fact that James Camerons 1997 movie/bladder endurance test Titanic is mostly about a harrowing real-life tragedy, apparently.\r\nThe game takes place during the sinking portion of the movie, with players working to get passengers into lifeboats. You can play as either Jack, Rose, the Captain, or Cal, that rich piece of crap who spends the third act literally trying to gun down his girlfriend. Wed rather play Propellor Guy than that jerk. Or a James Cameron character that allows one person to relentlessly scream at the other players.\r\nIf the idea of taking a real-life disaster that claimed the lives of more than 1500 souls and turning it into a product that occupies the same store shelf as Boggle and Doggie Doo seems strange to you, we regret to inform you that this wasnt even the first Titanic game.\r\n', 'Gaming-3.jpg', 1, '2022-05-15 04:16:03', '2022-05-15 04:16:03'),
(12, 5, 2, 'Game Like A True Pro With This Game Boy iPhone Cover', 'Gaming on your phone is great until you actually have to game on your phone, as it often renders your screen a smudged collage of fingerprints and unmentionables. Nothing takes away the magic of an iPhone faster than wondering if that spot on the front is from burger grease or gyro grease.\r\nCompatible with the iPhone 6 through X, this nifty little case essentially turns the back of your phone into a classic Game Boy. All of your favorite childhood road trip memories will be available to play, like Tetris, Tank, Formula One Racing, Snake & Block, and more. It\'s even designed with upraised buttons rather than a grimy touchscreen. If you\'re still clinging to any doubt, you can see this bad boy in action right here:\r\nPut gaming aside (if you can), and the Wanle still shines. The case will leave all your buttons, microphones, speakers, headphone jacks, and camera flashes gloriously unhindered, and even protect your phone from scrapes, bumps, and falls the way a good case should. And it\'s so thin and light that you won\'t even notice it on your phone (unless you\'re crushing your childhood Tetris high score. Take that, childhood!)\r\nThat\'s 57 percent off, and an easy choice for anyone who wants to scratch that classic-gamer itch. For more ways to keep your iPhone in tip-top shape.', 'Gaming-4.jpg', 0, '2022-05-15 04:16:03', '2022-05-15 04:16:03'),
(13, 4, 2, 'Nintendo Loses The Mobile Gaming Wars', 'Its the end of an era. Were post-major lockdowns. Were mid-unionization attempts. Were pre-flying cars. With Nintendo announcing that its shutting down service for Dragalia Lost, (which would be an amazing name for a drag brunch if any enterprising kings or queens or monarchs are in the market) it seems like the mega-publisher has well and truly lost the mobile gaming wars. \r\nIsnt the Switch mobile? I play Super Smash every day while I poop! Mobile here is meant in the British sense. But the Switch does have a big part to play in why Nintendo is abandoning its attempts to dominate the mobile gaming market. The Switch, first released in 2017, has become so wildly successful that execs at Nintendo are putting their development dollars into new titles for the handheld console. And turning away from gacha (a game in which a player can use real money to enhance gameplay) style games for iPhone and Android devices.\r\nWhile Nintendo is abandoning its legacy mobile titles and probably not developing any mobile games with new IP is still out there, waiting to see which way the wind blows. The game has had some incredible ups and notable downs. During the most intensive pandemic lockdowns, the number of Pokemon GO users skyrocketed. But will those numbers hold now that people are venturing out of their caves? This game will still be viable for the foreseeable future, but will Nintendo continue to support it if the number of players stagnates?\r\nThe most played games in the world are all free-to-play mobile games. So while Nintendo has lost and retreated from the mobile wars, for now, theres a chance theyll be forced back into the fray as the mobile gaming market consumes us all.\r\n', 'Gaming-5.jpg', 1, '2022-05-15 04:19:22', '2022-05-15 04:19:22'),
(14, 7, 4, 'When Twitter Went Public, Confused Investors Bought The Wrong Stock', 'We\'re living in the era of meme investing when stock prices suddenly balloon for reasons unconnected with how much the company\'s worth. The era started approximately as soon as the stock market began. It kicked into high gear during the \'90s tech boom, and it came back again during the next tech boom, the rise of social media. \r\nIn November 2013, Twitter was about to go public for the first time, and its shares would sell for about $45 at the end of its first trading day. One month before that, though, investors thought they spotted some shares in the wild. Twitter was going to trade under the code TWTR, and they saw shares for sale using the code TWTRQ.\r\nNow, those are different codes of course. But the investors thoughtcorrectlythat the Q was just something authorities stick on the end when there\'s something funny about the stock. That funny thing, they guessed, was that the stock was being listed too early, which was why they were able to snap up shares for less than a penny.\r\nThe stock started the day at less than a penny, anyway. In a few hours, it rose 1,800 percent. A few investors figured they had suddenly become very rich.\r\n', 'Tech-1.jpg', 0, '2022-05-15 04:19:22', '2022-05-15 04:19:22'),
(15, 7, 4, 'Apple loses position as most valuable firm amid tech sell-off', 'Apple has lost its position as the world\'s most valuable company amid a broad sell-off of technology stocks. Saudi Arabian oil and gas producer Aramco has reclaimed the top spot from the iPhone maker for the first time in almost two years. Investors have been selling shares in technology firms as they move into what they see as less risky assets. Bitcoin, other major cryptocurrencies, and digital assets have also continued to fall sharply. Shares in Apple fell by more than 5% in New York on Wednesday to end the trading day with a stock market valuation of $2.37 trillion (1.94tn). That meant it lost its position as the most valuable company in the world to oil and gas producer Aramco, which was valued at $2.42tn.\r\n \r\nIt is the first time that Aramco has held the top spot since 2020. Shares in energy producers have risen this year as the cost of crude oil and natural gas have gone up.\r\nMeanwhile, Apple\'s shares have fallen by almost 20% since the start of the year after a sell-off in technology stocks. The technology-heavy Nasdaq closed 3.2% lower in New York on Wednesday after official data showed that US inflation remained near a more than 40-year high. Rising prices have been the single biggest threat to the recovery of the global economy as it emerges from the Covid-19 pandemic.\r\n \r\nCentral banks around the world have responded to the problem by raising interest rates, which has triggered a move out of riskier investments over concerns that the higher cost of borrowing will slow down economic growth.\r\nOn Thursday, Japan\'s SoftBank Group reported a record loss of $26.2bn in its Vision Fund business as the value of its technology investments slid.\r\n \r\nThe loss was a stark contrast to a year ago when the company posted a record annual profit. Since then a number of companies SoftBank have stakes in, including ride-hailing firms Didi and Grab, have tumbled in value.\r\nThe move out of what is seen as risky assets also helped to push the price of Bitcoin below $27,000.\r\nThe world\'s biggest and best-known cryptocurrency has now lost about 60% of its value since hitting a record high in November last year.\r\nEther, the digital coin linked to the Ethereum blockchain network, also fell sharply again and has now lost more than 40% of its value in the last week.\r\n \r\nThe reopening of economies from pandemic measures led to a sharp increase in energy prices in 2021, and this year the war in Ukraine has pushed prices even higher as countries seek alternatives to Russia for supplies.\r\n', 'Tech-2.jpg', 1, '2022-05-15 04:22:27', '2022-05-15 04:22:27'),
(16, 5, 4, 'Twitter: X marks the spot for Elon Musk\'s growth plans', 'Elon Musk aims to increase Twitter\'s revenue fivefold to $26.4bn (21.4bn) by 2028, a presentation to prospective Twitter investors seen by The New York Times (NYT) suggests.\r\nLast year, Twitter\'s revenue was $5bn.\r\nPlans to launch a new service called X are also revealed in the report, with an aim of nine million subscribers in its first year and 104 million by 2028.\r\nTech industry analyst Kyle Rees says the goals are \"very tentative given the state of global and industry affairs\".\r\nThe NYT says the revelations are in a \"pitch deck\" presented to investors \"in recent days\".\r\nIt suggests that Mr. Musk hopes the number of Twitter users will rise from more than 200 million last year to over 900 million in 2028.\r\nThe document also reveals that Twitter\'s number of employees will grow by 3,600 by 2025. But the NYT reports that the staff headcount is likely to fluctuate in the short term.\r\n \r\nIn 2020, advertising generated about 90% of Twitter\'s revenue, the NYT says. Subscription services will apparently pay a key part in growing Twitter\'s revenue, which it is hoped will generate nearly $10bn by 2028.\r\nPart of the source of that income, the document suggests, will be an enigmatic new product called X, with its details still to be announced.\r\nThere is also a goal to increase the number of Twitter Blue subscribers to 69 million by 2025, and to 159 million by 2028.\r\nTwitter Blue already exists and gives users in countries where it is available features such as an undo tweet button and ad-free articles for a subscription of $3 a month. Mr. Rees from Gartner, a company that specializes in marketing research, told the BBC that \"most of these goals seem contingent on growing platform users and subscribers\".\r\n', 'Tech-3.jpg', 1, '2022-05-15 04:22:27', '2022-05-15 04:22:27'),
(17, 9, 4, 'How Cute Animal Pics Help Spread Online Misinformation', 'In more terrible news about how terrible social media can be, researchers and most any right-wing propaganda group on Facebook have shown how posting cute animal pictures can lure people in and make their feeds vulnerable to all kinds of online misinformation and disinformation campaigns. \r\nThis here truly is why we cant have nice things. It works like this: Prominent accounts from a media company (like their TV or radio stations) or affiliated individuals referred to as expert coronavirus doctors or whatever will first post some cute, positive stories about animals doing funny animal things, resulting in instant virality and all the likes because everyone knows that cute little creature is the only online thing thatll get peoples attention quicker than porn.\r\nCool, so now these accounts have posts with high numbers of engagements   in the form of likes, comments, and sharing that researchers call engagement bait because the algorithm will now favor posts from the same publisher to pop up in users social feeds. Because a single publisher can have many different Facebook pages. \r\nLiftable Animals is a Facebook group that posts stuff about animals, but the page is owned by Western Journal, a right-wing publication that spent their time during all of this telling people to drink hydroxychloroquine against the Rona and yelling Fraud! Fraud! over the 2020 presidential election in the United States. But hey, they must be nice people because, look, a baby fluffy.', 'Tech-4.jpg', 1, '2022-05-15 04:25:36', '2022-05-15 04:25:36'),
(18, 5, 4, 'How TikTok Tics Totally Became A Thing During The Pandemic', 'Thats right, you can add TikTok tics to the list of new things humanity has acquired since the advent of the year 2020 because teenagers from all over the world are displaying more and more tics and another behavioral mimicry that they seem to be picking up on that Like-Vine-Videos-But-Longer social media app. \r\nMore specifically, teenage girls whove been watching TikTok videos of people with Tourettes syndrome have been showing similar behavioral traits and tics, even though they dont have the syndrome themselves. \r\nDoctor Kirsten Mller-Vahl, a psychiatrist in Germany and head of the Tourettes outpatient department at Hannover Medical School, was the first to notice that many of these new cases all had bizarrely similar and identical symptoms. When questioned, they all individually admitted that they enjoyed watching Zimmermanns videos  the guy who had identical tics to those these kids were displaying. Zimmermann would repeat phrases like Fliegende Haie (flying sharks) and Du bist hlich (you are ugly). He would often smash eggs, and throw pens around in school. The kids  who, it has to be noted, were diagnosed with Tourettes by their physicians before ending up at the Tourettes department  were showcasing the exact same tics.\r\n', 'Tech-5.jpg', 1, '2022-05-15 04:25:36', '2022-05-15 04:25:36'),
(19, 3, 6, 'Football Players Pop Viagra To Win Games', 'A decade ago, a player from the Oakland Raiders, Louis Murphy, was arrested for drug possession. Fans awaited news of what foul narcotics he was dealing, but then it turned out he had just had 11 tablets of ... Viagra. And his only crime was lacking a prescription. People made jokes about the wide receiver needing a pharmaceutical boost in the bedroom, and then they forgot all about it \r\nBut later, something happened that changed the way we look at the incident (and we\'re not talking about Murphy getting arrested six years later for bringing a loaded gun to an airport). Lots of players have started talking about taking Viagra, openly, and not for sexual reasons. Viagra\'s great for circulation when it\'s cold, said Bart Scott on ESPN. Chad Johnson from the Bengals said he took the pill before every single game. Outside of football, Roger Clemens supposedly took Viagra before games, and he was repeatedly investigated on suspicion of using other performance-enhancing drugs.\r\nViagra does more than just induce erections, you see. It tinkers with what chemicals the body slips into the bloodstream, resulting in all blood vessels dilating. It wasn\'t even originally intended as a sexual aid, it was supposed to increase cardiovascular flow, but your body\'s got vessels all over, so it hits every organ.\r\n', 'Sports-1.jpg', 1, '2022-05-15 04:28:33', '2022-05-15 04:28:33'),
(20, 7, 6, 'Watch An Olympic Gold Medal Skateboarder Shred In A Kimono', 'There are very few things in the human experience that can unite people across all groups and boundaries. Something that one person thinks is awesome, another will hate with every ventricle of their heart, things that some people find painfully boring will be the central pursuit of another persons life. One thing that we can all come together as a species and say, though, pretty much without any detractors, is that skateboarding is sick as hell. The only people who would disagree are mall security guards and the guys in charge of polishing handrails.\r\nThis video just dropped everything else in the world down one peg on the global leaderboard of how kick-ass different things are. If there are two things I know in this world, its that skateboarding is really hard, and that silk is a deeply unforgiving fabric.\r\nWhen you literally look like a secret unlockable character in Tony Hawks Pro Skater, I think its fair to put you up among the echelon of the coolest people alive. She should be able to give out blessings like the Pope. I think that if aliens ever do land on earth and demand an ambassador, we should have Sakura roll down there and pop a kickflip. They will submit immediately. Theyll offer the entirety of their wealth and knowledge to us, access to all their technology if we will teach them how to ollie.\r\nIts a win-win situation, honestly. Either it turns out aliens are very bad at skateboarding, most likely due to their huge heads making them extremely top-heavy, and this allows us to assert our dominance. If they want to enslave us, we simply challenge them to a quick game of SKATE with Sakura as our champion. The other possibility is that aliens are very good at skateboarding, and that means we get to see aliens kickflipping stair gaps. Its a harmonious world to imagine.\r\n', 'Sports-2.jpg', 0, '2022-05-15 04:28:33', '2022-05-15 04:28:33'),
(21, 6, 6, 'No, Julian Edelman Isn\'t Joining Tom Brady On The Buccaneers', 'In the world of sports, there are certain days that are known for flurries of player movement activities. April 1 is one of those days, with the only twist being that pretty much none of the reported trades, signings, or retirements are actually happening. Every year like clockwork, a handful of athletes are possessed by the spirit of comedy itself to construct a most intelligent jape! I shall say I am to be signed or traded, yet this will be a farce! High comedy indeed! Ill be crowned as the Joker King of April Fools!\r\nThis year Julian Edelman, formerly of the New England Patriots, decided to make the most gullible men in Massachusetts spit hot Dunkin all over their phone screen by announcing that he would be signing with the Tampa Bay Buccaneers. You see, thats where Tom Brady plays now, and also (possibly) Rob Gronkowski. Thats why him going to the Buccaneers would sort of make sense. Which I guess is a joke.\r\nAt least this one does use some sort of relevant information or pattern like all the old Patriots are joining Tom Brady in Tampa which gives it a slight edge over the tweets that are just like Im retiring lol. I mean, in the grand scheme of things, its not like these fun little athlete jokes are really doing harm. They honestly just kind of float by in the aether. But theyre a form of the type of April Fools joke that is the absolute worst, usually deployed by the least funny person you know.\r\n', 'Sports-3.jpg', 1, '2022-05-15 04:31:01', '2022-05-15 04:31:01'),
(22, 8, 6, 'Reminder: Anyone Can Trick The System And Qualify For The Olympics', 'The Olympics is not, like some people think, a match-up of the absolute best athletes in the world. Its a match-up of people who have just happened to have qualified for the Olympics. Often, those are the best athletes in the world, but it\'s also possible to game the system, which was how Elizabeth Swaney became an Olympic skier in 2018 despite not being a very good skier at all. \r\nThe first trick that helped Swaney was that the Olympics does not admit, say, the top 300 skiers in the world. If they did, maybe they\'d end up with 100 from the US, 100 from Canada, 100 from Switzerland, and that\'s it, which wouldn\'t be very fun for anyone. Instead, they allocate each country\'s slots, so dozens of countries compete. In 2018, the US would end up with 30 slots total and 4 for Swaney\'s sport of women\'s halfpipe, the max possible. Swaney stood no chance of being one of those four women. But she could compete for Hungary (she had a grandparent from Hungary) since they were otherwise sending no skiers at all.\r\nSo, could she just sign up to represent Hungary and then qualify automatically? No, that would be ridiculous. She had to meet two qualificationswhich, when we break them down, are also ridiculous.\r\nFirst, she had to place in the top 30 of a skiing World Cup event. That sounds challenging. But many women\'s World Cup events have fewer than 30 competitors total, which means so long as you take part, you place. Qualifying for these events, it seems, is easy and just a matter of filling up the right forms.\r\nThe second requirement was more complicated. Skiers receive points depending on how well they do in various events during the years leading up to the Olympics, and to qualify for the Olympics, you have to accrue 50 of these FIS points. Swaney got these points by ... participating in a whole lot of events. Never winning any, or doing very well, but taking part in more of them than any other skier and so racking up all the points necessary. So, even scamming the Olympics, as some people called it, took a lot of time and work.\r\nWhen the games played out in South Korea, she finished last of course, and commentators were baffled by her simple skiing style.\r\n', 'Sports-4.jpg', 0, '2022-05-15 04:31:01', '2022-05-15 04:31:01'),
(23, 7, 6, 'A Soccer Game Ended With The Score 149-0', 'In 2002, four soccer teams in Madagascar were playing for the national championship. It was a round-robin tournament, which meant each team would play each other team twice, in a series of 12 games over the course of 11 days.\r\nIn the second-to-last game, Stade Olympique l\'Emyrne (SOE) was playing Domoina Soavina Atsimondrano (DSA), and the score was 2-2. SOE was still hoping to pull ahead, but the referee, Benjamina Razafintsalama, gave them a penalty, and that was it for them. The final game was going to be SOE against AS ADEMA Analamanga (Adema), but the stakes weren\'t exactly high. With the way, the tournament assigned scores for wins and draws, Adema was now guaranteed the championship, and SOE was guaranteed second place, no matter how the final game went.\r\nSo, while a round-robin may seem like a fair way of running a tournament by setting every single team against every single other, it can wind up pretty anticlimactic compared to your traditional elimination-style brackets. \r\nAre you imagining now that SOE didn\'t even try in the final game, letting Adema beat them 149 to 0? Or that Adema decided they didn\'t need to try, and let SOE score 149 goals and still lose the championship? Neither of those happened. Instead, in the final game on Halloween Night, SOE kicked the ball into their own goal 149 times. This was their protest over what they called the ref\'s bad decision in the previous game. After that first own-goal, Adema didn\'t even bother trying to get the ball. They quickly realized what was happening and just stood back and let SOE do their thing. \r\nLike so many protests, this accomplished nothing (it\'s unclear what SOE was even hoping would happen). In fact, the league punished them by taking away even their second-place title, barred them from a future tournament, suspended some players for the rest of the season, and suspended the coach for three years. The protest also won them absolutely no new fans. Spectators that day swarmed the ticket office, demanding refunds because they had come for a game, not whatever this was. ', 'Sports-5.jpg', 1, '2022-05-15 04:33:15', '2022-05-15 04:33:15'),
(24, 5, 5, 'If Youre Contouring With Bronzer, Youre Doing It Wrong', 'If you already have a solid bronzer in your beauty arsenal, do you really need a contour, too? Short answer: yes. Most of us are guilty of using bronzer and contour interchangeably, but the truth is, they serve completely different purposes. Heres everything you need to know.\r\nThe difference between bronzer and contour\r\nBronzer adds warmth to your complexion, so you look like you just spent days soaking up the sun on a tropical getaway. Contour, on the other hand, adds dimension and shadows to sculpt the face.\r\nBronzer and contour shades and finishes\r\nBronzer typically has warmer undertoneslike orange, red, and yellowand is available in matte and shimmer finishes to add a sunkissed glow, while contour features neutral, cool-toned undertones in a matte finish.\r\nApplying bronzer and contour\r\nContour mimics shadows, so you want to apply it under the cheekbones, the jawlines, temples, and the sides of the nose to shape and define your facial structure. Bronzer should be applied anywhere the sun would naturally hit your face on a bright dayon the cheekbones, across the forehead, and along the bridge of the nose.\r\nChoosing between bronzer and contour\r\nWhile both bronzer and contour add depth and enhance your complexion, they both deserve a spot in your makeup routine for different reasons. Wear them alone or let them work together (contour first, then bronzer) to sculpt your structure and warm your complexionthey arent mutually exclusive.', 'Beauty-1.jpg', 1, '2022-05-15 04:33:15', '2022-05-15 04:33:15'),
(25, 9, 5, 'Are There Beauty Goodies Hiding in Your Trash or Compost Pile?', 'One persons trash is anothersbeauty treasure? Yes, its true! At this very moment, your garbage can might contain a slew of skincare goodies youre putting to waste. So, before you take out the trash, check this list first to uncover the many added benefits of disposables (like eggshells and coffee grinds), and then reuse, reuse, reuse! And they say our culture is wasteful.\r\nCoffee grounds\r\nUses: face or body scrub, cellulite treatment, eye de-puffer\r\nCaffeine not only gives you a jolt in the morning, but it can also reawaken your skins cell growth, too. Use your old grounds (cooled to room temp, of course) as a mild exfoliant for your face and bodythe grainy texture will slough off dead cells to reveal a fresh complexion. Add a bit of sugar if you want a deeper scrub, or some oil if you prefer more moisturizing. Buffing with coffee grounds is also said to reduce the appearance of cellulite by promoting circulationso drink an extra cup so you have extra for your thighs! Puffy eyes? Coffee can help with that, too. Place some grounds under your eyes for a few minutes and rinse off for a fresh, alert look.\r\nBanana peels\r\nUses: acne treatment, teeth whitener, skin soother, hydrating facial mask\r\nAs weve mentioned before, banana peels are incredible for helping to fight acne. Simply cut a small piece of peel and rub the inside over the affected areas a few times a day, and you should see results in about a week. Doing the same thing on your teeth for a minute each day may also help whiten your smile. But thats not allbanana peels can also help bring relief when applied over warts, bug bites, or psoriasis outbreaks. And a really quick trick for a moisturizing facial applies several strips of peel to cover your entire face, leave it on for an hour, and voil! Instant radiance.\r\nEggshells\r\nUses: facial mask, acne spot treatment, nail art embellishment\r\nWe all know how great eggs are in DIY hair and face masksand the shells can help moisturize and replenish the appearance and texture of the skin. Take a few and create a speck of fine dust (either grind in a food processor or use a mallet and sealed plastic baggie). Then add some water and an egg white to the dust, whisk until blended, and apply to the face. Let it dry, then rinse off. Your skin will feel tighter, smoother, and refreshed. Another trick: peel off the super-thin skin on the inside of an eggshell, and apply to a blemish or patch of blackheads. After it dries, peel it off, and rinseit has an exfoliating and skin-clearing effect. And lastly, and perhaps most unexpectedly, you can use shell pieces in nail art! Create a mosaic effect over polish or a natural base, and seal in with a topcoat. This especially makes sense around Easter, when you have beautifully dyed shells youd normally toss.\r\nWine corks\r\nUse: smokey eyeliner (stay with us!)\r\nSome people use old wine bottles for vases, but did you know that the cork can actually be used for eyeliner? It might sound old school but you can use this trick to get perfectly kohl-rimmed, smoky eyes in a pinch. Let us preface this tutorial by saying we highly suggest you do this way before youve had a fewthe trick involves fire after all. Ready? All you have to do is simply burn the cork with a lighter for a second, then blow it out to extinguish! Let it cool for 30 seconds, and then lightly use it to smoke around the eyes! It must be something about the cork material creating a nice smudge-able ash, but it really works. We first learned the trick from Courtney Cox, in her old column for Jane magazine. And she demonstrated it on the Rosie ODonnell Show back in the day (the demo starts at 8:00).', 'Beauty-2.jpg', 1, '2022-05-15 04:37:24', '2022-05-15 04:37:24'),
(26, 5, 5, 'Beauty Detox: Glowing Skin Salad', 'Feeling a little heavy and bloated after all of your holiday feasting? Celebrity nutritionist Kimberly Snyder gives us a recipe for a probiotic and enzyme saladthe perfect meal to re-balance your digestive system and give you clear, glowing skin. Made from raw sauerkraut which is fermented cabbagethe salad is full of probiotics (good bacteria), B vitamins, and enzymes (which help to maintain a healthy gut). Probiotics have been associated with helping to keep the growth of unfavorable bacteria, yeast, and fungi in check, which keeps immunity strong, and promotes good digestion, says Kim. Another positive? When your intestinal flora and stomach is balanced, it equals clear, beautiful skin. Sauerkraut is also high in B vitamins, which are important for helping your body to process food into energy. I recommend eating at least half a cup daily at dinner, says Kim.\r\nProbiotic & Enzyme Salad\r\nBase Ingredients:\r\n1 medium green cabbage, shredded in a food processor or finely sliced by hand\r\n6 of the large outer leaves of cabbage, intact\r\nLiquid Brine Mixture Ingredients:\r\n4 cups water\r\n4 inches ginger root, peeled and grated\r\n1 Tbsp unpasteurized miso paste\r\nDIRECTIONS\r\nPlace the shredded green cabbage in a large mixing bowl and put to the side. Blend the liquid brine mixture in your blender until smooth, and pour over the shredded cabbage. Mix well. Tightly pack the mixture into clean glass jars using a wooden spoon. Leave two inches of room at the top of the jars so the salad has room to expand. Fold a few of the outer cabbage leaves into very tight rolls, and place them on top of the mixture to fill that two-inch space. Tightly seal the jars.\r\nLeave the jars in your pantry for five days. Be sure the room temperature is around 65 to 70 degrees. If it is slightly colder, wrap a towel around each jar and keep it in the pantry. After five days, remove the outer cabbage leaves and discard them. Move the jars to the refrigerator. Bubbling is a good sign that healthy probiotics are teeming.\r\nUnveil your probiotic & enzyme salad and enjoy at least half a cup at dinner every nightand also at lunch when possible. Once the seal has been broken on each jar, the salad will keep fresh in the refrigerator for up to one month.\r\nNote: Purchase Kim\'s book, The Beauty Detox Solution, between January 2-8 and email your receipt to contest@kimberlysnyder.net for a chance to win a free consultation with Kim!', 'Beauty-3.jpg', 0, '2022-05-15 04:37:24', '2022-05-15 04:37:24'),
(27, 3, 5, 'Beauty Detox: Energy Soup', 'Come wintertime, soups are one of the most delicious ways to warm up. But forget the usual flavors like tomato, vegetable, and peacauliflower soup is the one to sip this season! Celebrity nutritionist Kimberly Snyder gives us a recipe for cauliflower energy soup, a delicious meal thats high in vitamins and nutrients to build your immune system and perk you up, so you can battle the cold months with extra vigor. \"Cauliflower is high in vitamins B and K, and is known to be a potent anti-inflammatory food,\" says Kim. \"The avocado in the soup adds filling fiber, minerals such as potassium, and provides moisturizing fats to your body. Enjoy it at room temperature, or heat it up for lunch!\"\r\nCauliflower Energy Soup\r\nIngredients:\r\n1 medium cauliflower head, with outer green leaves, removed and chopped into pieces\r\n3 Tbsp organic, unpasteurized miso paste\r\n ripe avocado\r\n2 cups of filtered water\r\nJuice of 1 lemon\r\n2  Tbsp low sodium tamari\r\n tsp turmeric\r\nChopped parsley, as a garnish\r\nHigh-quality sea salt, to taste\r\nDirections:\r\nAdd all the ingredients to a blender and blend until smooth. If youd like a thinner texture, try adding a bit more water.\r\n', 'Beauty-4.jpg', 1, '2022-05-15 04:40:02', '2022-05-15 04:40:02'),
(28, 8, 5, 'Beautiful Lip Butters', 'Are lips already chapped? Now is the perfect time of the year to whip out your hydrating butter, glazes, and balms. And contrary to boring medicinal winter lip care, these three pout protectors use color, texture, and aroma for a pretty, functional finish. Heres why we love these three nourishing lip butter for the cold weather.\r\nRevlon Colorburst Lip Butter\r\nThe newest cult-favorite lip color has arrived! Revlon Colorburst Lip Butter A balm, pigment, and gloss rolled into one, Revlons newest tinted lip butter nourishes parched lips while delivering amazing sheen and color. The collection currently has 20 hues to choose from, so pick this up at your drugstore before it sells out.\r\nKorres Glazed Over Lip Butter Collection\r\nWe cant hide our obsession with balms, and Korres Lip Butter definitely makes our list. The newest holiday lip set features a glazed quartet of the most popular shades. This perfect stocking stuffer features four squeeze-tube lip butter glazes in Jasmine (a pale pink nude), Pomegranate (a sheer coral pink), Quince (a medium pink), and Wild Rose (a sheer berry red)all for $25.\r\nRMS Beauty Lip & Skin Balm\r\nThe perfect overnight treatment for dry lips and skin, this completely natural and emollient balm is formulated with ultra-hydrating coconut, jojoba, argan, and sunflower oils and smells absolutely divine. We even love applying it to our cheeks as a moisturizer on cold winter nights.\r\n', 'Beauty-5.jpg', 0, '2022-05-15 04:40:02', '2022-05-15 04:40:02'),
(31, 3, 3, 'Heading Into the Holiday Season With Nail Art', 'The past couple of years has been a whirlwind for nails. Brands have cranked out every color, texture, and design possible, and the sheer amount of inspiration on Beautylish is mind-blowing if not inspiring. As the festive holiday season of mistletoe manicures, turkey day tips, and New Year\'s Eve nails approaches, we\'ve been wondering how this year\'s finger art will step it up. Are you going to embrace the throng of frosted DIY glitter designs and cutesy Christmas motifs (as sported by our very own Sarah E. above), or will you forgo the nail art scene altogether and keep it simple with a solid coat of crimson? The answers are as colorful as the ornaments and candles in our homes.\r\nWith so many of you just starting to jump on the nail art bandwagon, we\'re even more excited to see how Christmas nail trends round up. Which designs are you hankering to learn before December hits? What\'s on your holiday wishlist? And the most important question to answerwill your manicure be as merry as the month?', 'Art-1.jpg', 1, '2022-05-15 04:47:52', '2022-05-15 04:47:52'),
(32, 4, 3, 'Makeup as Art: Does Your Family Get Your Self-Expression?', 'There was a time when I couldnt wait to fill in my brows with hot pink shadowI felt naked without them. Once they were on my face, a huge wave of relief would wash over me. The act of blending bold hues over my lids and layering lash strips upon lash strips on top of each other was routine, and I felt like myself. Id blast music in my room, carefully choosing the colors I wanted to wear that day, and Id leave the house feeling like a million bucks. When Id show up to a family party with my entire getup (along with my hot pink hair and bright outfit), relatives would immediately comment about how loud I was, and that I didnt look normal for someone my age. But what is normal these days? What they took for lighthearted criticism was in my eyes an abuse of my ego and self-esteem. The people that I trusted the most harangued me for expressing myself. I felt so confused.\r\nWe tell people to wear what they want, to dress how they feel, to lacquer and line as they pleaseits beauty, and it should be fun. But if you dont have the right support system, everything is easier said than done. At the end of the day, if enough people harass you about your makeup choices, it\'s going to affect you in some wayunless you are a robot and have no soul. But that doesnt mean you cant fight for yourself. It took my family about three months to calm down from the negative remarks because they knew I wouldnt cave in and change. Why should I? A little eye shadow and glitter dont define who I am as a person. Im still the same dorky girl who goes to Disneyland every year since I was five. I will always get excited when cute school supplies start rolling into stores come August. I can snuggle with puppies all day. Its just who I am.\r\n', 'Art-2.jpg', 1, '2022-05-15 04:49:23', '2022-05-15 04:49:23');
INSERT INTO `article` (`article_id`, `author_id`, `category_id`, `title`, `content`, `article_pic`, `sub_required`, `created_at`, `updated_at`) VALUES
(33, 4, 3, 'A Singular American Painter and His Perennially Disregarded Wife', 'HARTFORD, Conn.  There has always been a certain fluidity in our appreciation of the American modernist maverick Milton Avery (1885-1965). And this is not just because of the light, airy, daringly simplified, almost abstract paintings of sand, sea, and sky that characterized his last decade. Avery was artistically unaffiliated, never part of a particular group or movement, which means that general awareness of his work has fluctuated a great deal. Its always surprising to realize the range of his styles and subjects, and the chance to do so has been too rare.\r\nNow, one of those rare moments has arrived, with quite a bit of Averys work on view in shows in New York City and Hartford, Conn. It is the largest since the artists retrospective at the Whitney Museum in 1982 and as a sidebar to these shows, the painter from Brooklyn who married Avery in 1926. She worked full-time as a freelance illustrator for more than 30 years so that he could paint full time. Her painting style has been seen as a knockoff of her husbands, but her contribution to its formation has yet to be fully recognized, especially his tendency to distill forms to their essence.\r\nThe Wadsworth show begins on a cringe note. Its first work is a small oil on board from around 1910 that features tufts of yellow and green leafy brushwork supported by trunks and branches whose skinny, brittle lines suggest the use of a quill pen. If that painting promises anything, its a future in greeting card design. But Avery, whose simplified use of flat, saturated color would influence fledgling Abstract Expressionists like Mark Rothko, Adolph Gottlieb, and Barnett Newman, virtually acknowledged the problem: He called the scene Spindly Trees and went on to use lines more loosely and inventively, making them a staple of his radiant, notational art.', 'Art-3.jpg', 1, '2022-05-15 04:52:09', '2022-05-15 04:52:09'),
(34, 8, 3, 'At Museums, a Mix of Old and New', 'American museums are making steady efforts to show a large range of media, styles, and perspectives. But this spring and summer, the most notable diversity may be temporal: Some of the greats of the past - like Henri Matisse, Paul Cezanne, and Georgia O\'Keeffe - are being seen at the same time as contemporary makers now establishing their names, like Shahzia Sikander, Gio Swaby, and Guo Pei.\r\nAn exhibition with an explosive title promises big things and given that \"Set It Off\" is curated by the duo of Racquel Chevremont and Mickalene Thomas - collectively known as Deux Femmes Noires - the odds are good that it will deliver. The six artists included all show a strong dedication to working across media and combining materials in surprising ways; one of Leilah Babirye\'s sculptures includes washers, screws, and bicycle chains. Parrish Art Museum, parrishart.org\r\nThis summer the Jewish Museum engages in a bit of self-reflection, using its pioneering work of the early 1960s, under the director Alan Solomon, to start a conversation about an especially fertile time in the art world\'s capital. Featuring well-known names like Jasper Johns, Faith Ringgold and Merce Cunningham, it also may introduce artists like Marjorie Strider to the public. The exhibition also has the distinction of being the last one curated by the highly influential critic Germano Celant (1940-2020). Jewish Museum, thejewishmuseum.org\r\n', 'Art-4.jpg', 0, '2022-05-15 04:52:09', '2022-05-15 04:52:09'),
(35, 9, 3, 'Art and Architecture Get a Refresh on the California Coast', 'SAN DIEGO - The Pacific Ocean surf steadily lapping at the coast not far from the newly renovated and expanded Museum of Contemporary Art San Diego serves as a metaphor for the successive waves of architecture that have formed the institution since it was founded. High on a bluff here in the affluent village of La Jolla, it was established in 1941 in the Irving Gill-designed home of the philanthropist Ellen Browning Scripps. The museum - which has had several different names over the years - was expanded three times over the decades by the firm then known as Mosher & Drew, and in 1996 received a major makeover from the former Venturi, Scott Brown, and Associates. Now, the New York firm Selldorf Architects has had its turn, coming up with addition and overhaul that may be the most transformative yet - and one that has incorporated the previous iterations. Opened on April 9, the S105 million project doubles the overall square footage of the museum, and quadruples the gallery space, transforming the institution and what it can do. The museum was closed for three years during construction, although its satellite branch in downtown San Diego, established in 2007, remained open. years.\"\r\nA space crunch had been hampering the museum for years and was forcing the staff to make tough choices. \"We couldn\'t have a special exhibition on view at the same time as our permanent collection,\" said the museum\'s director, Kathryn Kanjo, standing in front of the nearly-completed museum on a sunny March day. She added that the problem was exacerbated because \"our collections have more than doubled in the last 40 The museum is showing off its new amplitude with a special exhibition, \"Niki de Saint Phalle in the 1960s,\" featuring 94 works, as well as several galleries displaying permanent collection pieces. Ms. de Saint Phalle (1930-2002) was a French artist who gained fame for colorful and daring works, such as when she had a sharpshooter fire a rifle at sculptures she had embedded with paint-filled balloons. She lived the last phase of her life in La Jolla. The expansion project here has had a long timeline. Selldorf Architects won a competition to design it in 2014. \"It seems like we\'ve been waiting for this for years - and we literally have been,\" said the philanthropist Irwin Jacobs, a co-founder of Qualcomm. Along with his wife, Joan, he donated $20 million for the project; the new building is named after the couple. (They threw in a couple of sculptures, too, including a pumpkin by Yayoi Kusama.) \r\nIn addition to the need for space, Ms. Kanjo said that the museum\'s brief was, \"Please try to respect our architectural legacy, but also bring some kind of clarity to it.\" For the architectural firm\'s founder, Annabelle Selldorf, the project was appealing because it was squarely in her wheelhouse in one way but also allowed her to push her own limits.', 'Art-5.jpg', 1, '2022-05-15 04:54:40', '2022-05-15 04:54:40');



--
-- Dumping data for table `subscription`
--

INSERT INTO `subscription` (`subscriber_id`, `subscribed_user_id`, `created_at`) VALUES
(3, 4, '2022-04-20 14:19:57'),
(4, 5, '2022-04-17 14:19:18'),
(5, 3, '2022-04-05 14:19:18'),
(11, 4, '2022-05-13 20:49:18'),
(12, 5, '2022-05-13 20:49:18'),
(13, 4, '2022-05-13 20:49:18'),
(14, 5, '2022-05-13 20:49:18'),
(15, 4, '2022-05-13 20:49:18'),
(16, 5, '2022-05-13 20:49:18'),
(17, 4, '2022-05-13 20:49:18'),
(18, 5, '2022-05-13 20:49:18'),
(19, 4, '2022-05-13 20:49:18'),
(20, 3, '2022-05-13 20:21:26'),
(20, 5, '2022-05-13 20:49:18'),
(21, 3, '2022-05-13 20:30:45'),
(21, 4, '2022-05-13 20:49:18'),
(21, 7, '2022-05-13 20:35:48'),
(21, 8, '2022-05-13 20:39:48'),
(21, 9, '2022-05-13 20:43:43'),
(22, 3, '2022-05-13 20:30:45'),
(22, 5, '2022-05-13 20:49:18'),
(22, 7, '2022-05-13 20:35:48'),
(22, 8, '2022-05-13 20:39:48'),
(22, 9, '2022-05-13 20:43:43'),
(23, 3, '2022-05-13 20:30:45'),
(23, 4, '2022-05-13 20:49:18'),
(23, 7, '2022-05-13 20:35:48'),
(23, 8, '2022-05-13 20:39:48'),
(23, 9, '2022-05-13 20:43:43'),
(24, 3, '2022-05-13 20:30:45'),
(24, 5, '2022-05-13 20:49:18'),
(24, 7, '2022-05-13 20:35:48'),
(24, 8, '2022-05-13 20:39:48'),
(24, 9, '2022-05-13 20:43:43'),
(25, 3, '2022-05-13 20:30:45'),
(25, 4, '2022-05-13 20:49:18'),
(25, 7, '2022-05-13 20:35:48'),
(25, 8, '2022-05-13 20:39:48'),
(25, 9, '2022-05-13 20:43:43'),
(26, 3, '2022-05-13 20:30:45'),
(26, 5, '2022-05-13 20:49:18'),
(26, 7, '2022-05-13 20:35:48'),
(26, 8, '2022-05-13 20:39:48'),
(26, 9, '2022-05-13 20:43:43'),
(27, 3, '2022-05-13 20:30:45'),
(27, 4, '2022-05-13 20:49:18'),
(27, 7, '2022-05-13 20:35:48'),
(27, 8, '2022-05-13 20:39:48'),
(27, 9, '2022-05-13 20:43:43'),
(28, 3, '2022-05-13 20:30:45'),
(28, 5, '2022-05-13 20:49:18'),
(28, 7, '2022-05-13 20:35:48'),
(28, 8, '2022-05-13 20:39:48'),
(28, 9, '2022-05-13 20:43:43'),
(29, 3, '2022-05-13 20:30:45'),
(29, 4, '2022-05-13 20:49:18'),
(29, 7, '2022-05-13 20:35:48'),
(29, 8, '2022-05-13 20:39:48'),
(29, 9, '2022-05-13 20:43:43'),
(30, 3, '2022-05-13 20:30:45'),
(30, 5, '2022-05-13 20:49:18'),
(30, 7, '2022-05-13 20:35:48'),
(30, 8, '2022-05-13 20:39:48'),
(30, 9, '2022-05-13 20:43:43'),
(31, 3, '2022-05-13 20:30:45'),
(31, 4, '2022-05-13 20:49:18'),
(31, 7, '2022-05-13 20:35:48'),
(31, 8, '2022-05-13 20:39:48'),
(31, 9, '2022-05-13 20:43:43'),
(32, 3, '2022-05-13 20:30:45'),
(32, 5, '2022-05-13 20:49:18'),
(32, 7, '2022-05-13 20:35:48'),
(32, 8, '2022-05-13 20:39:48'),
(32, 9, '2022-05-13 20:43:43'),
(33, 3, '2022-05-13 20:30:45'),
(33, 4, '2022-05-13 20:49:18'),
(33, 7, '2022-05-13 20:35:48'),
(33, 8, '2022-05-13 20:39:48'),
(33, 9, '2022-05-13 20:43:43'),
(34, 3, '2022-05-13 20:30:45'),
(34, 4, '2022-05-13 20:49:18'),
(34, 7, '2022-05-13 20:35:48'),
(34, 8, '2022-05-13 20:39:48'),
(34, 9, '2022-05-13 20:43:43'),
(35, 3, '2022-05-13 20:30:45'),
(35, 5, '2022-05-13 20:49:18'),
(35, 7, '2022-05-13 20:35:48'),
(35, 8, '2022-05-13 20:39:48'),
(35, 9, '2022-05-13 20:43:43'),
(36, 3, '2022-05-13 20:30:45'),
(36, 5, '2022-05-13 20:49:18'),
(36, 7, '2022-05-13 20:35:48'),
(36, 8, '2022-05-13 20:39:48'),
(36, 9, '2022-05-13 20:43:43'),
(37, 3, '2022-05-13 20:30:45'),
(37, 4, '2022-05-13 20:49:18'),
(37, 7, '2022-05-13 20:35:48'),
(37, 8, '2022-05-13 20:39:48'),
(37, 9, '2022-05-13 20:43:43'),
(38, 3, '2022-05-13 20:30:45'),
(38, 5, '2022-05-13 20:49:18'),
(38, 7, '2022-05-13 20:35:48'),
(38, 8, '2022-05-13 20:39:48'),
(38, 9, '2022-05-13 20:43:43'),
(39, 3, '2022-05-13 20:30:45'),
(39, 4, '2022-05-13 20:49:18'),
(39, 7, '2022-05-13 20:35:48'),
(39, 8, '2022-05-13 20:39:48'),
(39, 9, '2022-05-13 20:43:43'),
(40, 3, '2022-05-13 20:30:45'),
(40, 5, '2022-05-13 20:49:18'),
(40, 7, '2022-05-13 20:35:48'),
(40, 8, '2022-05-13 20:39:48'),
(40, 9, '2022-05-13 20:43:43'),
(41, 3, '2022-05-13 20:30:45'),
(41, 4, '2022-05-13 20:49:18'),
(41, 7, '2022-05-13 20:35:48'),
(41, 8, '2022-05-13 20:39:48'),
(41, 9, '2022-05-13 20:43:43'),
(42, 3, '2022-05-13 20:30:45'),
(42, 5, '2022-05-13 20:49:18'),
(42, 7, '2022-05-13 20:35:48'),
(42, 8, '2022-05-13 20:39:48'),
(42, 9, '2022-05-13 20:43:43'),
(43, 3, '2022-05-13 20:30:45'),
(43, 5, '2022-05-13 20:49:18'),
(43, 7, '2022-05-13 20:35:48'),
(43, 8, '2022-05-13 20:39:48'),
(43, 9, '2022-05-13 20:43:43'),
(44, 3, '2022-05-13 20:30:45'),
(44, 5, '2022-05-13 20:49:18'),
(44, 7, '2022-05-13 20:35:48'),
(44, 8, '2022-05-13 20:39:48'),
(44, 9, '2022-05-13 20:43:43'),
(45, 3, '2022-05-13 20:30:45'),
(45, 5, '2022-05-13 20:49:18'),
(45, 7, '2022-05-13 20:35:48'),
(45, 8, '2022-05-13 20:39:48'),
(45, 9, '2022-05-13 20:43:43'),
(46, 3, '2022-05-13 20:30:45'),
(46, 5, '2022-05-13 20:49:18'),
(46, 7, '2022-05-13 20:35:48'),
(46, 8, '2022-05-13 20:39:48'),
(46, 9, '2022-05-13 20:43:43'),
(47, 3, '2022-05-13 20:30:45'),
(47, 5, '2022-05-13 20:49:18'),
(47, 7, '2022-05-13 20:35:48'),
(47, 8, '2022-05-13 20:39:48'),
(47, 9, '2022-05-13 20:43:43'),
(48, 3, '2022-05-13 20:30:45'),
(48, 5, '2022-05-13 20:49:18'),
(48, 7, '2022-05-13 20:35:48'),
(48, 8, '2022-05-13 20:39:48'),
(48, 9, '2022-05-13 20:43:43'),
(49, 3, '2022-05-13 20:30:45'),
(49, 5, '2022-05-13 20:49:18'),
(49, 7, '2022-05-13 20:35:48'),
(49, 8, '2022-05-13 20:39:48'),
(49, 9, '2022-05-13 20:43:43'),
(50, 3, '2022-05-13 20:30:45'),
(50, 5, '2022-05-13 20:49:18'),
(50, 7, '2022-05-13 20:35:48'),
(50, 8, '2022-05-13 20:39:48'),
(50, 9, '2022-05-13 20:43:43'),
(51, 3, '2022-05-13 20:30:45'),
(51, 4, '2022-05-13 20:49:18'),
(51, 7, '2022-05-13 20:35:48'),
(51, 8, '2022-05-13 20:39:48'),
(51, 9, '2022-05-13 20:43:43'),
(52, 3, '2022-05-13 20:30:45'),
(52, 5, '2022-05-13 20:49:18'),
(52, 7, '2022-05-13 20:35:48'),
(52, 8, '2022-05-13 20:39:48'),
(52, 9, '2022-05-13 20:43:43'),
(53, 3, '2022-05-13 20:30:45'),
(53, 4, '2022-05-13 20:49:18'),
(53, 7, '2022-05-13 20:35:48'),
(53, 8, '2022-05-13 20:39:48'),
(53, 9, '2022-05-13 20:43:43'),
(54, 3, '2022-05-13 20:30:45'),
(54, 5, '2022-05-13 20:49:18'),
(54, 7, '2022-05-13 20:35:48'),
(54, 8, '2022-05-13 20:39:48'),
(54, 9, '2022-05-13 20:43:43'),
(55, 3, '2022-05-13 20:30:45'),
(55, 4, '2022-05-13 20:49:18'),
(55, 7, '2022-05-13 20:35:48'),
(55, 8, '2022-05-13 20:39:48'),
(55, 9, '2022-05-13 20:43:43'),
(56, 3, '2022-05-13 20:30:45'),
(56, 4, '2022-05-13 20:49:18'),
(56, 7, '2022-05-13 20:35:48'),
(56, 8, '2022-05-13 20:39:48'),
(56, 9, '2022-05-13 20:43:43'),
(57, 3, '2022-05-13 20:30:45'),
(57, 5, '2022-05-13 20:49:18'),
(57, 7, '2022-05-13 20:35:48'),
(57, 8, '2022-05-13 20:39:48'),
(57, 9, '2022-05-13 20:43:43'),
(58, 3, '2022-05-13 20:30:45'),
(58, 5, '2022-05-13 20:49:18'),
(58, 7, '2022-05-13 20:35:48'),
(58, 8, '2022-05-13 20:39:48'),
(58, 9, '2022-05-13 20:43:43'),
(59, 3, '2022-05-13 20:30:45'),
(59, 4, '2022-05-13 20:49:18'),
(59, 7, '2022-05-13 20:35:48'),
(59, 8, '2022-05-13 20:39:48'),
(59, 9, '2022-05-13 20:43:43'),
(60, 3, '2022-05-13 20:30:45'),
(60, 4, '2022-05-13 20:49:18'),
(60, 7, '2022-05-13 20:35:48'),
(60, 8, '2022-05-13 20:39:48'),
(60, 9, '2022-05-13 20:43:43'),
(61, 3, '2022-05-13 20:30:45'),
(61, 4, '2022-05-13 20:49:18'),
(61, 7, '2022-05-13 20:35:48'),
(61, 8, '2022-05-13 20:39:48'),
(61, 9, '2022-05-13 20:43:43'),
(62, 3, '2022-05-13 20:30:45'),
(62, 4, '2022-05-13 20:49:18'),
(62, 7, '2022-05-13 20:35:48'),
(62, 8, '2022-05-13 20:39:48'),
(62, 9, '2022-05-13 20:43:43'),
(63, 3, '2022-05-13 20:30:45'),
(63, 4, '2022-05-13 20:49:18'),
(63, 7, '2022-05-13 20:35:48'),
(63, 8, '2022-05-13 20:39:48'),
(63, 9, '2022-05-13 20:43:43'),
(64, 3, '2022-05-13 20:30:45'),
(64, 4, '2022-05-13 20:49:18'),
(64, 7, '2022-05-13 20:35:48'),
(64, 8, '2022-05-13 20:39:48'),
(64, 9, '2022-05-13 20:43:43'),
(65, 3, '2022-05-13 20:30:45'),
(65, 4, '2022-05-13 20:49:18'),
(65, 7, '2022-05-13 20:35:48'),
(65, 8, '2022-05-13 20:39:48'),
(65, 9, '2022-05-13 20:43:43'),
(66, 3, '2022-05-13 20:30:45'),
(66, 5, '2022-05-13 20:49:18'),
(66, 7, '2022-05-13 20:35:48'),
(66, 8, '2022-05-13 20:39:48'),
(66, 9, '2022-05-13 20:43:43'),
(67, 3, '2022-05-13 20:30:45'),
(67, 5, '2022-05-13 20:49:18'),
(67, 7, '2022-05-13 20:35:48'),
(67, 8, '2022-05-13 20:39:48'),
(67, 9, '2022-05-13 20:43:43'),
(68, 3, '2022-05-13 20:30:45'),
(68, 4, '2022-05-13 20:49:18'),
(68, 7, '2022-05-13 20:35:48'),
(68, 8, '2022-05-13 20:39:48'),
(68, 9, '2022-05-13 20:43:43'),
(69, 3, '2022-05-13 20:30:45'),
(69, 5, '2022-05-13 20:49:18'),
(69, 7, '2022-05-13 20:35:48'),
(69, 8, '2022-05-13 20:39:48'),
(69, 9, '2022-05-13 20:43:43'),
(70, 3, '2022-05-13 20:30:45'),
(70, 5, '2022-05-13 20:49:18'),
(70, 7, '2022-05-13 20:35:48'),
(70, 8, '2022-05-13 20:39:48'),
(70, 9, '2022-05-13 20:43:43'),
(71, 3, '2022-05-13 20:30:45'),
(71, 4, '2022-05-13 20:49:18'),
(71, 7, '2022-05-13 20:35:48'),
(71, 8, '2022-05-13 20:39:48'),
(71, 9, '2022-05-13 20:43:43'),
(72, 3, '2022-05-13 20:30:45'),
(72, 4, '2022-05-13 20:49:18'),
(72, 7, '2022-05-13 20:35:48'),
(72, 8, '2022-05-13 20:39:48'),
(72, 9, '2022-05-13 20:43:43'),
(73, 3, '2022-05-13 20:30:45'),
(73, 4, '2022-05-13 20:49:18'),
(73, 7, '2022-05-13 20:35:48'),
(73, 8, '2022-05-13 20:39:48'),
(73, 9, '2022-05-13 20:43:43'),
(74, 3, '2022-05-13 20:30:45'),
(74, 4, '2022-05-13 20:49:18'),
(74, 7, '2022-05-13 20:35:48'),
(74, 8, '2022-05-13 20:39:48'),
(74, 9, '2022-05-13 20:43:43'),
(75, 3, '2022-05-13 20:30:45'),
(75, 4, '2022-05-13 20:49:18'),
(75, 7, '2022-05-13 20:35:48'),
(75, 8, '2022-05-13 20:39:48'),
(75, 9, '2022-05-13 20:43:43'),
(76, 3, '2022-05-13 20:30:45'),
(76, 4, '2022-05-13 20:49:18'),
(76, 7, '2022-05-13 20:35:48'),
(76, 8, '2022-05-13 20:39:48'),
(76, 9, '2022-05-13 20:43:43'),
(77, 3, '2022-05-13 20:30:45'),
(77, 4, '2022-05-13 20:49:18'),
(77, 7, '2022-05-13 20:35:48'),
(77, 8, '2022-05-13 20:39:48'),
(77, 9, '2022-05-13 20:43:43'),
(78, 3, '2022-05-13 20:30:45'),
(78, 4, '2022-05-13 20:49:18'),
(78, 7, '2022-05-13 20:35:48'),
(78, 8, '2022-05-13 20:39:48'),
(78, 9, '2022-05-13 20:43:43'),
(79, 3, '2022-05-13 20:30:45'),
(79, 4, '2022-05-13 20:49:18'),
(79, 7, '2022-05-13 20:35:48'),
(79, 8, '2022-05-13 20:39:48'),
(79, 9, '2022-05-13 20:43:43'),
(80, 3, '2022-05-13 20:30:45'),
(80, 4, '2022-05-13 20:49:18'),
(80, 7, '2022-05-13 20:35:48'),
(80, 8, '2022-05-13 20:39:48'),
(80, 9, '2022-05-13 20:43:43'),
(81, 3, '2022-05-13 20:30:45'),
(81, 5, '2022-05-13 20:49:18'),
(81, 7, '2022-05-13 20:35:48'),
(81, 8, '2022-05-13 20:39:48'),
(81, 9, '2022-05-13 20:43:43'),
(82, 3, '2022-05-13 20:30:45'),
(82, 5, '2022-05-13 20:49:18'),
(82, 7, '2022-05-13 20:35:48'),
(82, 8, '2022-05-13 20:39:48'),
(82, 9, '2022-05-13 20:43:43'),
(83, 3, '2022-05-13 20:30:45'),
(83, 4, '2022-05-13 20:49:18'),
(83, 7, '2022-05-13 20:35:48'),
(83, 8, '2022-05-13 20:39:48'),
(83, 9, '2022-05-13 20:43:43'),
(84, 3, '2022-05-13 20:30:45'),
(84, 5, '2022-05-13 20:49:18'),
(84, 7, '2022-05-13 20:35:48'),
(84, 8, '2022-05-13 20:39:48'),
(84, 9, '2022-05-13 20:43:43'),
(85, 3, '2022-05-13 20:30:45'),
(85, 4, '2022-05-13 20:49:18'),
(85, 7, '2022-05-13 20:35:48'),
(85, 8, '2022-05-13 20:39:48'),
(85, 9, '2022-05-13 20:43:43'),
(86, 3, '2022-05-13 20:30:45'),
(86, 5, '2022-05-13 20:49:18'),
(86, 7, '2022-05-13 20:35:48'),
(86, 8, '2022-05-13 20:39:48'),
(86, 9, '2022-05-13 20:43:43'),
(87, 3, '2022-05-13 20:30:45'),
(87, 4, '2022-05-13 20:49:18'),
(87, 7, '2022-05-13 20:35:48'),
(87, 8, '2022-05-13 20:39:48'),
(87, 9, '2022-05-13 20:43:43'),
(88, 3, '2022-05-13 20:30:45'),
(88, 5, '2022-05-13 20:49:18'),
(88, 7, '2022-05-13 20:35:48'),
(88, 8, '2022-05-13 20:39:48'),
(88, 9, '2022-05-13 20:43:43'),
(89, 3, '2022-05-13 20:30:45'),
(89, 4, '2022-05-13 20:49:18'),
(89, 7, '2022-05-13 20:35:48'),
(89, 8, '2022-05-13 20:39:48'),
(89, 9, '2022-05-13 20:43:43'),
(90, 3, '2022-05-13 20:30:45'),
(90, 5, '2022-05-13 20:49:18'),
(90, 7, '2022-05-13 20:35:48'),
(90, 8, '2022-05-13 20:39:48'),
(90, 9, '2022-05-13 20:43:43'),
(91, 3, '2022-05-13 20:30:45'),
(91, 4, '2022-05-13 20:49:18'),
(91, 7, '2022-05-13 20:35:48'),
(91, 8, '2022-05-13 20:39:48'),
(91, 9, '2022-05-13 20:43:43'),
(92, 3, '2022-05-13 20:30:45'),
(92, 4, '2022-05-13 20:49:18'),
(92, 7, '2022-05-13 20:35:48'),
(92, 8, '2022-05-13 20:39:48'),
(92, 9, '2022-05-13 20:43:43'),
(93, 3, '2022-05-13 20:30:45'),
(93, 5, '2022-05-13 20:49:18'),
(93, 7, '2022-05-13 20:35:48'),
(93, 8, '2022-05-13 20:39:48'),
(93, 9, '2022-05-13 20:43:43'),
(94, 3, '2022-05-13 20:30:45'),
(94, 4, '2022-05-13 20:49:18'),
(94, 7, '2022-05-13 20:35:48'),
(94, 8, '2022-05-13 20:39:48'),
(94, 9, '2022-05-13 20:43:43'),
(95, 3, '2022-05-13 20:30:45'),
(95, 5, '2022-05-13 20:49:18'),
(95, 7, '2022-05-13 20:35:48'),
(95, 8, '2022-05-13 20:39:48'),
(95, 9, '2022-05-13 20:43:43'),
(96, 3, '2022-05-13 20:30:45'),
(96, 4, '2022-05-13 20:49:18'),
(96, 7, '2022-05-13 20:35:48'),
(96, 8, '2022-05-13 20:39:48'),
(96, 9, '2022-05-13 20:43:43'),
(97, 3, '2022-05-13 20:30:45'),
(97, 4, '2022-05-13 20:49:18'),
(97, 7, '2022-05-13 20:35:48'),
(97, 8, '2022-05-13 20:39:48'),
(97, 9, '2022-05-13 20:43:43'),
(98, 3, '2022-05-13 20:30:45'),
(98, 5, '2022-05-13 20:49:18'),
(98, 7, '2022-05-13 20:35:48'),
(98, 8, '2022-05-13 20:39:48'),
(98, 9, '2022-05-13 20:43:43'),
(99, 3, '2022-05-13 20:30:45'),
(99, 5, '2022-05-13 20:49:18'),
(99, 7, '2022-05-13 20:35:48'),
(99, 8, '2022-05-13 20:39:48'),
(99, 9, '2022-05-13 20:43:43'),
(100, 3, '2022-05-13 20:30:45'),
(100, 4, '2022-05-13 20:49:18'),
(100, 7, '2022-05-13 20:35:48'),
(100, 8, '2022-05-13 20:39:48'),
(100, 9, '2022-05-13 20:43:43'),
(101, 3, '2022-05-13 20:30:45'),
(101, 7, '2022-05-13 20:35:48'),
(101, 8, '2022-05-13 20:39:48'),
(102, 3, '2022-05-13 20:30:45'),
(102, 7, '2022-05-13 20:35:48'),
(102, 8, '2022-05-13 20:39:48'),
(103, 3, '2022-05-13 20:30:45'),
(103, 7, '2022-05-13 20:35:48'),
(103, 8, '2022-05-13 20:39:48'),
(104, 3, '2022-05-13 20:30:45'),
(104, 7, '2022-05-13 20:35:48'),
(104, 8, '2022-05-13 20:39:48'),
(105, 3, '2022-05-13 20:30:45'),
(105, 7, '2022-05-13 20:35:48'),
(105, 8, '2022-05-13 20:39:48'),
(106, 3, '2022-05-13 20:30:45'),
(106, 7, '2022-05-13 20:35:48'),
(106, 8, '2022-05-13 20:39:48'),
(107, 3, '2022-05-13 20:30:45'),
(107, 7, '2022-05-13 20:35:48'),
(107, 8, '2022-05-13 20:39:48'),
(108, 4, '2022-05-13 20:43:43'),
(108, 5, '2022-05-13 20:49:18'),
(108, 7, '2022-05-13 20:35:48'),
(108, 8, '2022-05-13 20:39:48'),
(109, 7, '2022-05-13 20:35:48'),
(110, 7, '2022-05-13 20:35:48'),
(111, 7, '2022-05-13 20:35:48'),
(112, 7, '2022-05-13 20:35:48'),
(113, 4, '2022-05-13 20:43:43'),
(113, 5, '2022-05-13 20:49:18'),
(113, 7, '2022-05-13 20:35:48'),
(113, 8, '2022-05-13 20:39:48'),
(114, 4, '2022-05-13 20:49:18'),
(114, 7, '2022-05-13 20:35:48'),
(114, 8, '2022-05-13 20:39:48'),
(114, 9, '2022-05-13 20:43:43'),
(115, 4, '2022-05-13 20:49:18'),
(115, 7, '2022-05-13 20:35:48'),
(115, 8, '2022-05-13 20:39:48'),
(115, 9, '2022-05-13 20:43:43'),
(116, 5, '2022-05-13 20:49:18'),
(116, 7, '2022-05-13 20:35:48'),
(116, 8, '2022-05-13 20:39:48'),
(116, 9, '2022-05-13 20:43:43'),
(117, 5, '2022-05-13 20:49:18'),
(117, 7, '2022-05-13 20:35:48'),
(117, 8, '2022-05-13 20:39:48'),
(117, 9, '2022-05-13 20:43:43'),
(118, 4, '2022-05-13 20:49:18'),
(118, 7, '2022-05-13 20:35:48'),
(118, 8, '2022-05-13 20:39:48'),
(118, 9, '2022-05-13 20:43:43'),
(119, 4, '2022-05-13 20:43:43'),
(119, 7, '2022-05-13 20:35:48'),
(119, 8, '2022-05-13 20:39:48'),
(120, 4, '2022-05-13 20:43:43'),
(120, 7, '2022-05-13 20:35:48'),
(120, 8, '2022-05-13 20:39:48'),
(121, 7, '2022-05-13 20:35:48'),
(122, 7, '2022-05-13 20:35:48'),
(123, 7, '2022-05-13 20:35:48'),
(124, 4, '2022-05-13 20:43:43'),
(124, 7, '2022-05-13 20:35:48'),
(124, 8, '2022-05-13 20:39:48'),
(125, 4, '2022-05-13 20:43:43'),
(125, 7, '2022-05-13 20:35:48'),
(125, 8, '2022-05-13 20:39:48'),
(135, 5, '2022-05-13 20:49:18'),
(135, 8, '2022-05-13 20:39:48'),
(135, 9, '2022-05-13 20:43:43'),
(146, 5, '2022-05-13 20:49:18'),
(146, 8, '2022-05-13 20:39:48'),
(146, 9, '2022-05-13 20:43:43'),
(148, 4, '2022-05-13 20:49:18'),
(148, 5, '2022-05-13 20:43:43'),
(148, 8, '2022-05-13 20:39:48'),
(149, 4, '2022-05-13 20:49:18'),
(149, 8, '2022-05-13 20:39:48'),
(149, 9, '2022-05-13 20:43:43'),
(150, 4, '2022-05-13 20:49:18'),
(150, 8, '2022-05-13 20:39:48'),
(150, 9, '2022-05-13 20:43:43'),
(157, 5, '2022-05-13 20:49:18'),
(157, 8, '2022-05-13 20:39:48'),
(157, 9, '2022-05-13 20:43:43'),
(165, 4, '2022-05-13 20:49:18'),
(165, 7, '2022-05-13 20:35:48'),
(165, 8, '2022-05-13 20:39:48'),
(165, 9, '2022-05-13 20:43:43');


--
-- Dumping data for table `advertisement`
--

INSERT INTO `advertisement` (`ad_id`, `article_id`, `publish_date`, `created_at`) VALUES
(1, 1, '2022-04-25', '2022-04-24 14:05:59'),
(2, 2, '2022-04-19', '2022-04-20 14:07:05'),
(3, 3, '2022-04-22', '2022-04-23 14:07:30'),
(4, 4, '2022-05-16', '2022-04-23 14:07:30'),
(5, 5, '2022-05-16', '2022-04-23 14:07:30'),
(6, 6, '2022-05-16', '2022-04-23 14:07:30'),
(7, 7, '2022-05-16', '2022-04-23 14:07:30'),
(8, 8, '2022-05-16', '2022-04-23 14:07:30'),
(9, 9, '2022-05-16', '2022-04-23 14:07:30');


--
-- Dumping data for table `likearticle`
--

INSERT INTO `likearticle` (`user_id`, `article_id`, `created_at`) VALUES
(4, 5, '2022-05-14 17:26:35'),
(4, 6, '2022-05-14 17:41:41'),
(4, 7, '2022-05-14 17:58:10'),
(4, 8, '2022-05-14 18:21:15'),
(4, 9, '2022-05-14 18:24:54'),
(4, 10, '2022-05-14 18:46:32'),
(4, 11, '2022-05-14 18:50:46'),
(4, 13, '2022-05-14 18:57:44'),
(4, 14, '2022-05-14 19:00:59'),
(4, 15, '2022-05-14 19:02:22'),
(4, 16, '2022-05-14 19:05:01'),
(4, 17, '2022-05-14 19:07:18'),
(4, 18, '2022-05-14 19:09:44'),
(4, 19, '2022-05-14 19:11:50'),
(4, 20, '2022-05-14 19:13:48'),
(4, 24, '2022-05-14 19:21:14'),
(4, 25, '2022-05-14 19:23:06'),
(4, 26, '2022-05-14 19:24:39'),
(4, 27, '2022-05-14 19:28:14'),
(5, 5, '2022-05-14 17:26:35'),
(5, 6, '2022-05-14 17:41:41'),
(5, 7, '2022-05-14 17:58:10'),
(5, 8, '2022-05-14 18:21:15'),
(5, 9, '2022-05-14 18:24:54'),
(5, 10, '2022-05-14 18:46:32'),
(5, 11, '2022-05-14 18:50:46'),
(5, 13, '2022-05-14 18:57:44'),
(5, 14, '2022-05-14 19:00:59'),
(5, 15, '2022-05-14 19:02:22'),
(5, 16, '2022-05-14 19:05:01'),
(5, 17, '2022-05-14 19:07:18'),
(5, 19, '2022-05-14 19:11:50'),
(5, 20, '2022-05-14 19:13:48'),
(5, 26, '2022-05-14 19:24:39'),
(5, 27, '2022-05-14 19:28:14'),
(6, 5, '2022-05-14 17:26:35'),
(6, 6, '2022-05-14 17:41:41'),
(6, 8, '2022-05-14 18:21:15'),
(6, 9, '2022-05-14 18:24:54'),
(6, 10, '2022-05-14 18:46:32'),
(6, 11, '2022-05-14 18:50:46'),
(6, 13, '2022-05-14 18:57:44'),
(6, 14, '2022-05-14 19:00:59'),
(6, 17, '2022-05-14 19:07:18'),
(6, 19, '2022-05-14 19:11:50'),
(6, 20, '2022-05-14 19:13:48'),
(6, 27, '2022-05-14 19:28:14'),
(7, 5, '2022-05-14 17:26:35'),
(7, 6, '2022-05-14 17:41:41'),
(7, 7, '2022-05-14 17:58:10'),
(7, 8, '2022-05-14 18:21:15'),
(7, 9, '2022-05-14 18:24:54'),
(7, 10, '2022-05-14 18:46:32'),
(7, 12, '2022-05-14 18:54:31'),
(7, 13, '2022-05-14 18:57:44'),
(7, 14, '2022-05-14 19:00:59'),
(7, 27, '2022-05-14 19:28:14'),
(8, 5, '2022-05-14 17:26:35'),
(8, 6, '2022-05-14 17:41:41'),
(8, 7, '2022-05-14 17:58:10'),
(8, 8, '2022-05-14 18:21:15'),
(8, 9, '2022-05-14 18:24:54'),
(8, 10, '2022-05-14 18:46:32'),
(8, 11, '2022-05-14 18:50:46'),
(8, 12, '2022-05-14 18:54:31'),
(8, 14, '2022-05-14 19:00:59'),
(8, 27, '2022-05-14 19:28:14'),
(9, 5, '2022-05-14 17:26:35'),
(9, 8, '2022-05-14 18:21:15'),
(9, 9, '2022-05-14 18:24:54'),
(9, 10, '2022-05-14 18:46:32'),
(10, 5, '2022-05-14 17:26:35'),
(10, 6, '2022-05-14 17:41:41'),
(10, 7, '2022-05-14 17:58:10'),
(10, 12, '2022-05-14 18:54:31'),
(10, 18, '2022-05-14 19:09:44'),
(10, 27, '2022-05-14 19:28:14'),
(11, 5, '2022-05-14 17:26:35'),
(11, 6, '2022-05-14 17:41:41'),
(11, 7, '2022-05-14 17:58:10'),
(11, 12, '2022-05-14 18:54:31'),
(11, 17, '2022-05-14 19:07:18'),
(11, 27, '2022-05-14 19:28:14'),
(12, 5, '2022-05-14 17:26:35'),
(12, 6, '2022-05-14 17:41:41'),
(12, 7, '2022-05-14 17:58:10'),
(12, 17, '2022-05-14 19:07:18'),
(12, 27, '2022-05-14 19:28:14'),
(13, 5, '2022-05-14 17:26:35'),
(13, 6, '2022-05-14 17:41:41'),
(13, 7, '2022-05-14 17:58:10'),
(13, 8, '2022-05-14 18:21:15'),
(13, 9, '2022-05-14 18:24:54'),
(13, 10, '2022-05-14 18:46:32'),
(13, 11, '2022-05-14 18:50:46'),
(13, 13, '2022-05-14 18:57:44'),
(13, 17, '2022-05-14 19:07:18'),
(13, 27, '2022-05-14 19:28:14'),
(14, 5, '2022-05-14 17:26:35'),
(14, 8, '2022-05-14 18:21:15'),
(14, 9, '2022-05-14 18:24:54'),
(15, 5, '2022-05-14 17:26:35'),
(15, 6, '2022-05-14 17:41:41'),
(15, 7, '2022-05-14 17:58:10'),
(15, 8, '2022-05-14 18:21:15'),
(15, 9, '2022-05-14 18:24:54'),
(15, 11, '2022-05-14 18:50:46'),
(15, 13, '2022-05-14 18:57:44'),
(15, 17, '2022-05-14 19:07:18'),
(15, 25, '2022-05-14 19:23:06'),
(15, 27, '2022-05-14 19:28:14'),
(16, 5, '2022-05-14 17:26:35'),
(16, 6, '2022-05-14 17:41:41'),
(16, 7, '2022-05-14 17:58:10'),
(16, 8, '2022-05-14 18:21:15'),
(16, 9, '2022-05-14 18:24:54'),
(16, 10, '2022-05-14 18:46:32'),
(16, 11, '2022-05-14 18:50:46'),
(16, 12, '2022-05-14 18:54:31'),
(16, 13, '2022-05-14 18:57:44'),
(16, 17, '2022-05-14 19:07:18'),
(16, 25, '2022-05-14 19:23:06'),
(16, 27, '2022-05-14 19:28:14'),
(17, 5, '2022-05-14 17:26:35'),
(18, 5, '2022-05-14 17:26:35'),
(18, 6, '2022-05-14 17:41:41'),
(18, 11, '2022-05-14 18:50:46'),
(18, 12, '2022-05-14 18:54:31'),
(18, 24, '2022-05-14 19:21:14'),
(18, 25, '2022-05-14 19:23:06'),
(19, 5, '2022-05-14 17:26:35'),
(19, 6, '2022-05-14 17:41:41'),
(19, 7, '2022-05-14 17:58:10'),
(19, 11, '2022-05-14 18:50:46'),
(19, 14, '2022-05-14 19:00:59'),
(19, 24, '2022-05-14 19:21:14'),
(19, 25, '2022-05-14 19:23:06'),
(20, 5, '2022-05-14 17:26:35'),
(20, 8, '2022-05-14 18:21:15'),
(20, 9, '2022-05-14 18:24:54'),
(21, 5, '2022-05-14 17:26:35'),
(21, 6, '2022-05-14 17:41:41'),
(21, 7, '2022-05-14 17:58:10'),
(21, 8, '2022-05-14 18:21:15'),
(21, 9, '2022-05-14 18:24:54'),
(21, 11, '2022-05-14 18:50:46'),
(21, 14, '2022-05-14 19:00:59'),
(21, 25, '2022-05-14 19:23:06'),
(22, 5, '2022-05-14 17:26:35'),
(22, 6, '2022-05-14 17:41:41'),
(22, 7, '2022-05-14 17:58:10'),
(22, 11, '2022-05-14 18:50:46'),
(22, 14, '2022-05-14 19:00:59'),
(22, 18, '2022-05-14 19:09:44'),
(22, 21, '2022-05-14 19:16:14'),
(22, 22, '2022-05-14 19:17:25'),
(22, 23, '2022-05-14 19:18:25'),
(22, 25, '2022-05-14 19:23:06'),
(22, 26, '2022-05-14 19:24:39'),
(23, 5, '2022-05-14 17:26:35'),
(24, 5, '2022-05-14 17:26:35'),
(24, 6, '2022-05-14 17:41:41'),
(24, 7, '2022-05-14 17:58:10'),
(24, 13, '2022-05-14 18:57:44'),
(24, 14, '2022-05-14 19:00:59'),
(24, 18, '2022-05-14 19:09:44'),
(24, 19, '2022-05-14 19:11:50'),
(24, 20, '2022-05-14 19:13:48'),
(24, 21, '2022-05-14 19:16:14'),
(24, 22, '2022-05-14 19:17:25'),
(24, 23, '2022-05-14 19:18:25'),
(24, 25, '2022-05-14 19:23:06'),
(24, 26, '2022-05-14 19:24:39'),
(25, 5, '2022-05-14 17:26:35'),
(25, 6, '2022-05-14 17:41:41'),
(25, 13, '2022-05-14 18:57:44'),
(25, 17, '2022-05-14 19:07:18'),
(25, 18, '2022-05-14 19:09:44'),
(25, 19, '2022-05-14 19:11:50'),
(25, 20, '2022-05-14 19:13:48'),
(25, 25, '2022-05-14 19:23:06'),
(25, 26, '2022-05-14 19:24:39'),
(26, 5, '2022-05-14 17:26:35'),
(26, 8, '2022-05-14 18:21:15'),
(26, 9, '2022-05-14 18:24:54'),
(27, 5, '2022-05-14 17:26:35'),
(27, 6, '2022-05-14 17:41:41'),
(27, 7, '2022-05-14 17:58:10'),
(27, 8, '2022-05-14 18:21:15'),
(27, 9, '2022-05-14 18:24:54'),
(27, 13, '2022-05-14 18:57:44'),
(27, 16, '2022-05-14 19:05:01'),
(27, 17, '2022-05-14 19:07:18'),
(27, 18, '2022-05-14 19:09:44'),
(27, 19, '2022-05-14 19:11:50'),
(27, 20, '2022-05-14 19:13:48'),
(27, 25, '2022-05-14 19:23:06'),
(27, 26, '2022-05-14 19:24:39'),
(28, 5, '2022-05-14 17:26:35'),
(28, 6, '2022-05-14 17:41:41'),
(28, 7, '2022-05-14 17:58:10'),
(28, 8, '2022-05-14 18:21:15'),
(28, 11, '2022-05-14 18:50:46'),
(28, 13, '2022-05-14 18:57:44'),
(28, 16, '2022-05-14 19:05:01'),
(28, 17, '2022-05-14 19:07:18'),
(28, 25, '2022-05-14 19:23:06'),
(29, 5, '2022-05-14 17:26:35'),
(29, 8, '2022-05-14 18:21:15'),
(30, 5, '2022-05-14 17:26:35'),
(30, 6, '2022-05-14 17:41:41'),
(30, 7, '2022-05-14 17:58:10'),
(30, 8, '2022-05-14 18:21:15'),
(30, 9, '2022-05-14 18:24:54'),
(30, 11, '2022-05-14 18:50:46'),
(30, 16, '2022-05-14 19:05:01'),
(30, 17, '2022-05-14 19:07:18'),
(30, 25, '2022-05-14 19:23:06'),
(31, 5, '2022-05-14 17:26:35'),
(31, 6, '2022-05-14 17:41:41'),
(31, 7, '2022-05-14 17:58:10'),
(31, 11, '2022-05-14 18:50:46'),
(31, 16, '2022-05-14 19:05:01'),
(31, 25, '2022-05-14 19:23:06'),
(32, 5, '2022-05-14 17:26:35'),
(32, 6, '2022-05-14 17:41:41'),
(32, 7, '2022-05-14 17:58:10'),
(32, 25, '2022-05-14 19:23:06'),
(33, 5, '2022-05-14 17:26:35'),
(34, 5, '2022-05-14 17:26:35'),
(34, 8, '2022-05-14 18:21:15'),
(34, 9, '2022-05-14 18:24:54'),
(34, 10, '2022-05-14 18:46:32'),
(35, 5, '2022-05-14 17:26:35'),
(35, 6, '2022-05-14 17:41:41'),
(35, 8, '2022-05-14 18:21:15'),
(35, 9, '2022-05-14 18:24:54'),
(35, 10, '2022-05-14 18:46:32'),
(35, 13, '2022-05-14 18:57:44'),
(35, 25, '2022-05-14 19:23:06'),
(36, 5, '2022-05-14 17:26:35'),
(36, 6, '2022-05-14 17:41:41'),
(36, 8, '2022-05-14 18:21:15'),
(36, 11, '2022-05-14 18:50:46'),
(37, 5, '2022-05-14 17:26:35'),
(37, 8, '2022-05-14 18:21:15'),
(37, 10, '2022-05-14 18:46:32'),
(38, 5, '2022-05-14 17:26:35'),
(38, 6, '2022-05-14 17:41:41'),
(38, 8, '2022-05-14 18:21:15'),
(38, 10, '2022-05-14 18:46:32'),
(38, 11, '2022-05-14 18:50:46'),
(38, 14, '2022-05-14 19:00:59'),
(38, 15, '2022-05-14 19:02:22'),
(39, 5, '2022-05-14 17:26:35'),
(39, 6, '2022-05-14 17:41:41'),
(39, 8, '2022-05-14 18:21:15'),
(39, 9, '2022-05-14 18:24:54'),
(39, 10, '2022-05-14 18:46:32'),
(39, 11, '2022-05-14 18:50:46'),
(39, 14, '2022-05-14 19:00:59'),
(39, 15, '2022-05-14 19:02:22'),
(39, 17, '2022-05-14 19:07:18'),
(39, 24, '2022-05-14 19:21:14'),
(40, 5, '2022-05-14 17:26:35'),
(40, 6, '2022-05-14 17:41:41'),
(40, 8, '2022-05-14 18:21:15'),
(40, 9, '2022-05-14 18:24:54'),
(40, 10, '2022-05-14 18:46:32'),
(40, 14, '2022-05-14 19:00:59'),
(40, 15, '2022-05-14 19:02:22'),
(40, 18, '2022-05-14 19:09:44'),
(40, 19, '2022-05-14 19:11:50'),
(40, 24, '2022-05-14 19:21:14'),
(41, 5, '2022-05-14 17:26:35'),
(41, 6, '2022-05-14 17:41:41'),
(41, 18, '2022-05-14 19:09:44'),
(41, 19, '2022-05-14 19:11:50'),
(41, 20, '2022-05-14 19:13:48'),
(41, 21, '2022-05-14 19:16:14'),
(41, 22, '2022-05-14 19:17:25'),
(41, 23, '2022-05-14 19:18:25'),
(41, 24, '2022-05-14 19:21:14'),
(42, 5, '2022-05-14 17:26:35'),
(43, 5, '2022-05-14 17:26:35'),
(43, 6, '2022-05-14 17:41:41'),
(43, 7, '2022-05-14 17:58:10'),
(43, 8, '2022-05-14 18:21:15'),
(43, 9, '2022-05-14 18:24:54'),
(43, 10, '2022-05-14 18:46:32'),
(43, 18, '2022-05-14 19:09:44'),
(43, 19, '2022-05-14 19:11:50'),
(43, 20, '2022-05-14 19:13:48'),
(43, 21, '2022-05-14 19:16:14'),
(43, 22, '2022-05-14 19:17:25'),
(43, 24, '2022-05-14 19:21:14'),
(43, 28, '2022-05-14 19:26:35'),
(44, 5, '2022-05-14 17:26:35'),
(44, 6, '2022-05-14 17:41:41'),
(44, 7, '2022-05-14 17:58:10'),
(44, 8, '2022-05-14 18:21:15'),
(44, 9, '2022-05-14 18:24:54'),
(44, 12, '2022-05-14 18:54:31'),
(44, 13, '2022-05-14 18:57:44'),
(44, 18, '2022-05-14 19:09:44'),
(44, 19, '2022-05-14 19:11:50'),
(44, 20, '2022-05-14 19:13:48'),
(44, 28, '2022-05-14 19:26:35'),
(45, 5, '2022-05-14 17:26:35'),
(45, 6, '2022-05-14 17:41:41'),
(45, 7, '2022-05-14 17:58:10'),
(45, 8, '2022-05-14 18:21:15'),
(45, 9, '2022-05-14 18:24:54'),
(45, 10, '2022-05-14 18:46:32'),
(45, 12, '2022-05-14 18:54:31'),
(45, 13, '2022-05-14 18:57:44'),
(45, 14, '2022-05-14 19:00:59'),
(45, 15, '2022-05-14 19:02:22'),
(45, 16, '2022-05-14 19:05:01'),
(45, 18, '2022-05-14 19:09:44'),
(45, 28, '2022-05-14 19:26:35'),
(46, 5, '2022-05-14 17:26:35'),
(46, 8, '2022-05-14 18:21:15'),
(46, 9, '2022-05-14 18:24:54'),
(46, 10, '2022-05-14 18:46:32'),
(47, 5, '2022-05-14 17:26:35'),
(47, 8, '2022-05-14 18:21:15'),
(47, 9, '2022-05-14 18:24:54'),
(47, 10, '2022-05-14 18:46:32'),
(48, 5, '2022-05-14 17:26:35'),
(48, 6, '2022-05-14 17:41:41'),
(48, 7, '2022-05-14 17:58:10'),
(48, 11, '2022-05-14 18:50:46'),
(48, 13, '2022-05-14 18:57:44'),
(48, 14, '2022-05-14 19:00:59'),
(48, 16, '2022-05-14 19:05:01'),
(48, 18, '2022-05-14 19:09:44'),
(49, 5, '2022-05-14 17:26:35'),
(49, 6, '2022-05-14 17:41:41'),
(49, 7, '2022-05-14 17:58:10'),
(49, 11, '2022-05-14 18:50:46'),
(49, 16, '2022-05-14 19:05:01'),
(49, 18, '2022-05-14 19:09:44'),
(50, 5, '2022-05-14 17:26:35'),
(50, 6, '2022-05-14 17:41:41'),
(50, 7, '2022-05-14 17:58:10'),
(50, 16, '2022-05-14 19:05:01'),
(50, 26, '2022-05-14 19:24:39'),
(51, 5, '2022-05-14 17:26:35'),
(51, 6, '2022-05-14 17:41:41'),
(51, 7, '2022-05-14 17:58:10'),
(51, 8, '2022-05-14 18:21:15'),
(51, 9, '2022-05-14 18:24:54'),
(51, 10, '2022-05-14 18:46:32'),
(51, 16, '2022-05-14 19:05:01'),
(51, 26, '2022-05-14 19:24:39'),
(52, 5, '2022-05-14 17:26:35'),
(52, 6, '2022-05-14 17:41:41'),
(52, 7, '2022-05-14 17:58:10'),
(52, 8, '2022-05-14 18:21:15'),
(52, 9, '2022-05-14 18:24:54'),
(52, 11, '2022-05-14 18:50:46'),
(52, 12, '2022-05-14 18:54:31'),
(52, 16, '2022-05-14 19:05:01'),
(52, 26, '2022-05-14 19:24:39'),
(53, 5, '2022-05-14 17:26:35'),
(53, 8, '2022-05-14 18:21:15'),
(53, 9, '2022-05-14 18:24:54'),
(53, 10, '2022-05-14 18:46:32'),
(54, 5, '2022-05-14 17:26:35'),
(54, 8, '2022-05-14 18:21:15'),
(54, 9, '2022-05-14 18:24:54'),
(54, 10, '2022-05-14 18:46:32'),
(55, 5, '2022-05-14 17:26:35'),
(55, 6, '2022-05-14 17:41:41'),
(55, 7, '2022-05-14 17:58:10'),
(55, 12, '2022-05-14 18:54:31'),
(55, 16, '2022-05-14 19:05:01'),
(55, 21, '2022-05-14 19:16:14'),
(55, 22, '2022-05-14 19:17:25'),
(55, 26, '2022-05-14 19:24:39'),
(56, 5, '2022-05-14 17:26:35'),
(57, 5, '2022-05-14 17:26:35'),
(58, 5, '2022-05-14 17:26:35'),
(58, 6, '2022-05-14 17:41:41'),
(58, 7, '2022-05-14 17:58:10'),
(58, 8, '2022-05-14 18:21:15'),
(58, 9, '2022-05-14 18:24:54'),
(58, 12, '2022-05-14 18:54:31'),
(58, 16, '2022-05-14 19:05:01'),
(58, 21, '2022-05-14 19:16:14'),
(58, 22, '2022-05-14 19:17:25'),
(58, 26, '2022-05-14 19:24:39'),
(59, 5, '2022-05-14 17:26:35'),
(59, 8, '2022-05-14 18:21:15'),
(59, 9, '2022-05-14 18:24:54'),
(59, 10, '2022-05-14 18:46:32'),
(60, 5, '2022-05-14 17:26:35'),
(60, 8, '2022-05-14 18:21:15'),
(60, 9, '2022-05-14 18:24:54'),
(60, 10, '2022-05-14 18:46:32'),
(61, 5, '2022-05-14 17:26:35'),
(61, 6, '2022-05-14 17:41:41'),
(61, 7, '2022-05-14 17:58:10'),
(61, 14, '2022-05-14 19:00:59'),
(61, 16, '2022-05-14 19:05:01'),
(62, 5, '2022-05-14 17:26:35'),
(62, 6, '2022-05-14 17:41:41'),
(62, 7, '2022-05-14 17:58:10'),
(62, 16, '2022-05-14 19:05:01'),
(63, 5, '2022-05-14 17:26:35'),
(63, 6, '2022-05-14 17:41:41'),
(63, 7, '2022-05-14 17:58:10'),
(63, 16, '2022-05-14 19:05:01'),
(64, 5, '2022-05-14 17:26:35'),
(64, 8, '2022-05-14 18:21:15'),
(64, 9, '2022-05-14 18:24:54'),
(64, 10, '2022-05-14 18:46:32'),
(65, 5, '2022-05-14 17:26:35'),
(65, 6, '2022-05-14 17:41:41'),
(65, 7, '2022-05-14 17:58:10'),
(65, 8, '2022-05-14 18:21:15'),
(65, 10, '2022-05-14 18:46:32'),
(65, 17, '2022-05-14 19:07:18'),
(66, 5, '2022-05-14 17:26:35'),
(66, 6, '2022-05-14 17:41:41'),
(66, 8, '2022-05-14 18:21:15'),
(66, 10, '2022-05-14 18:46:32'),
(66, 12, '2022-05-14 18:54:31'),
(66, 17, '2022-05-14 19:07:18'),
(67, 5, '2022-05-14 17:26:35'),
(67, 6, '2022-05-14 17:41:41'),
(67, 7, '2022-05-14 17:58:10'),
(67, 8, '2022-05-14 18:21:15'),
(67, 9, '2022-05-14 18:24:54'),
(67, 10, '2022-05-14 18:46:32'),
(67, 12, '2022-05-14 18:54:31'),
(67, 13, '2022-05-14 18:57:44'),
(67, 14, '2022-05-14 19:00:59'),
(68, 5, '2022-05-14 17:26:35'),
(69, 5, '2022-05-14 17:26:35'),
(70, 5, '2022-05-14 17:26:35'),
(70, 6, '2022-05-14 17:41:41'),
(70, 7, '2022-05-14 17:58:10'),
(70, 13, '2022-05-14 18:57:44'),
(70, 14, '2022-05-14 19:00:59'),
(71, 5, '2022-05-14 17:26:35'),
(71, 6, '2022-05-14 17:41:41'),
(71, 7, '2022-05-14 17:58:10'),
(71, 13, '2022-05-14 18:57:44'),
(71, 14, '2022-05-14 19:00:59'),
(71, 28, '2022-05-14 19:26:35'),
(72, 5, '2022-05-14 17:26:35'),
(72, 6, '2022-05-14 17:41:41'),
(72, 8, '2022-05-14 18:21:15'),
(72, 9, '2022-05-14 18:24:54'),
(72, 10, '2022-05-14 18:46:32'),
(72, 26, '2022-05-14 19:24:39'),
(72, 28, '2022-05-14 19:26:35'),
(73, 5, '2022-05-14 17:26:35'),
(73, 6, '2022-05-14 17:41:41'),
(73, 7, '2022-05-14 17:58:10'),
(73, 8, '2022-05-14 18:21:15'),
(73, 9, '2022-05-14 18:24:54'),
(73, 10, '2022-05-14 18:46:32'),
(73, 16, '2022-05-14 19:05:01'),
(73, 20, '2022-05-14 19:13:48'),
(73, 26, '2022-05-14 19:24:39'),
(73, 28, '2022-05-14 19:26:35'),
(74, 5, '2022-05-14 17:26:35'),
(75, 5, '2022-05-14 17:26:35'),
(75, 6, '2022-05-14 17:41:41'),
(75, 7, '2022-05-14 17:58:10'),
(75, 12, '2022-05-14 18:54:31'),
(75, 16, '2022-05-14 19:05:01'),
(75, 20, '2022-05-14 19:13:48'),
(75, 26, '2022-05-14 19:24:39'),
(76, 5, '2022-05-14 17:26:35'),
(77, 5, '2022-05-14 17:26:35'),
(77, 8, '2022-05-14 18:21:15'),
(77, 9, '2022-05-14 18:24:54'),
(78, 5, '2022-05-14 17:26:35'),
(78, 6, '2022-05-14 17:41:41'),
(78, 8, '2022-05-14 18:21:15'),
(78, 9, '2022-05-14 18:24:54'),
(78, 12, '2022-05-14 18:54:31'),
(78, 16, '2022-05-14 19:05:01'),
(78, 26, '2022-05-14 19:24:39'),
(79, 5, '2022-05-14 17:26:35'),
(79, 6, '2022-05-14 17:41:41'),
(79, 8, '2022-05-14 18:21:15'),
(79, 9, '2022-05-14 18:24:54'),
(79, 10, '2022-05-14 18:46:32'),
(79, 16, '2022-05-14 19:05:01'),
(80, 5, '2022-05-14 17:26:35'),
(80, 6, '2022-05-14 17:41:41'),
(80, 7, '2022-05-14 17:58:10'),
(80, 8, '2022-05-14 18:21:15'),
(80, 9, '2022-05-14 18:24:54'),
(80, 10, '2022-05-14 18:46:32'),
(80, 21, '2022-05-14 19:16:14'),
(80, 22, '2022-05-14 19:17:25'),
(81, 5, '2022-05-14 17:26:35'),
(81, 6, '2022-05-14 17:41:41'),
(81, 7, '2022-05-14 17:58:10'),
(82, 5, '2022-05-14 17:26:35'),
(83, 5, '2022-05-14 17:26:35'),
(84, 5, '2022-05-14 17:26:35'),
(84, 6, '2022-05-14 17:41:41'),
(84, 7, '2022-05-14 17:58:10'),
(85, 5, '2022-05-14 17:26:35'),
(85, 6, '2022-05-14 17:41:41'),
(85, 7, '2022-05-14 17:58:10'),
(85, 8, '2022-05-14 18:21:15'),
(85, 9, '2022-05-14 18:24:54'),
(85, 10, '2022-05-14 18:46:32'),
(85, 11, '2022-05-14 18:50:46'),
(85, 13, '2022-05-14 18:57:44'),
(86, 5, '2022-05-14 17:26:35'),
(86, 6, '2022-05-14 17:41:41'),
(86, 7, '2022-05-14 17:58:10'),
(86, 8, '2022-05-14 18:21:15'),
(86, 9, '2022-05-14 18:24:54'),
(86, 10, '2022-05-14 18:46:32'),
(86, 11, '2022-05-14 18:50:46'),
(86, 13, '2022-05-14 18:57:44'),
(87, 5, '2022-05-14 17:26:35'),
(87, 8, '2022-05-14 18:21:15'),
(87, 9, '2022-05-14 18:24:54'),
(87, 10, '2022-05-14 18:46:32'),
(88, 5, '2022-05-14 17:26:35'),
(89, 5, '2022-05-14 17:26:35'),
(90, 5, '2022-05-14 17:26:35'),
(90, 6, '2022-05-14 17:41:41'),
(90, 7, '2022-05-14 17:58:10'),
(90, 11, '2022-05-14 18:50:46'),
(90, 14, '2022-05-14 19:00:59'),
(90, 26, '2022-05-14 19:24:39'),
(91, 5, '2022-05-14 17:26:35'),
(91, 6, '2022-05-14 17:41:41'),
(91, 11, '2022-05-14 18:50:46'),
(91, 14, '2022-05-14 19:00:59'),
(91, 24, '2022-05-14 19:21:14'),
(91, 26, '2022-05-14 19:24:39'),
(92, 5, '2022-05-14 17:26:35'),
(92, 6, '2022-05-14 17:41:41'),
(92, 11, '2022-05-14 18:50:46'),
(92, 14, '2022-05-14 19:00:59'),
(92, 15, '2022-05-14 19:02:22'),
(92, 21, '2022-05-14 19:16:14'),
(92, 22, '2022-05-14 19:17:25'),
(92, 24, '2022-05-14 19:21:14'),
(92, 26, '2022-05-14 19:24:39'),
(93, 5, '2022-05-14 17:26:35'),
(94, 5, '2022-05-14 17:26:35'),
(94, 6, '2022-05-14 17:41:41'),
(94, 7, '2022-05-14 17:58:10'),
(94, 11, '2022-05-14 18:50:46'),
(94, 14, '2022-05-14 19:00:59'),
(94, 15, '2022-05-14 19:02:22'),
(94, 18, '2022-05-14 19:09:44'),
(94, 19, '2022-05-14 19:11:50'),
(94, 21, '2022-05-14 19:16:14'),
(94, 22, '2022-05-14 19:17:25'),
(94, 24, '2022-05-14 19:21:14'),
(94, 25, '2022-05-14 19:23:06'),
(95, 5, '2022-05-14 17:26:35'),
(95, 6, '2022-05-14 17:41:41'),
(95, 7, '2022-05-14 17:58:10'),
(95, 8, '2022-05-14 18:21:15'),
(95, 9, '2022-05-14 18:24:54'),
(95, 10, '2022-05-14 18:46:32'),
(95, 18, '2022-05-14 19:09:44'),
(95, 19, '2022-05-14 19:11:50'),
(95, 21, '2022-05-14 19:16:14'),
(95, 22, '2022-05-14 19:17:25'),
(95, 23, '2022-05-14 19:18:25'),
(95, 24, '2022-05-14 19:21:14'),
(95, 25, '2022-05-14 19:23:06'),
(95, 28, '2022-05-14 19:26:35'),
(96, 5, '2022-05-14 17:26:35'),
(96, 8, '2022-05-14 18:21:15'),
(96, 9, '2022-05-14 18:24:54'),
(96, 10, '2022-05-14 18:46:32'),
(97, 5, '2022-05-14 17:26:35'),
(97, 8, '2022-05-14 18:21:15'),
(97, 9, '2022-05-14 18:24:54'),
(97, 10, '2022-05-14 18:46:32'),
(98, 5, '2022-05-14 17:26:35'),
(98, 6, '2022-05-14 17:41:41'),
(98, 7, '2022-05-14 17:58:10'),
(98, 8, '2022-05-14 18:21:15'),
(98, 9, '2022-05-14 18:24:54'),
(98, 10, '2022-05-14 18:46:32'),
(98, 21, '2022-05-14 19:16:14'),
(98, 22, '2022-05-14 19:17:25'),
(98, 23, '2022-05-14 19:18:25'),
(98, 28, '2022-05-14 19:26:35'),
(99, 5, '2022-05-14 17:26:35'),
(99, 6, '2022-05-14 17:41:41'),
(99, 16, '2022-05-14 19:05:01'),
(99, 28, '2022-05-14 19:26:35'),
(100, 5, '2022-05-14 17:26:35'),
(100, 6, '2022-05-14 17:41:41'),
(101, 5, '2022-05-14 17:26:35'),
(102, 5, '2022-05-14 17:26:35'),
(103, 5, '2022-05-14 17:26:35'),
(103, 6, '2022-05-14 17:41:41'),
(103, 7, '2022-05-14 17:58:10'),
(103, 8, '2022-05-14 18:21:15'),
(103, 9, '2022-05-14 18:24:54'),
(103, 10, '2022-05-14 18:46:32'),
(103, 11, '2022-05-14 18:50:46'),
(103, 12, '2022-05-14 18:54:31'),
(103, 24, '2022-05-14 19:21:14'),
(104, 5, '2022-05-14 17:26:35'),
(104, 6, '2022-05-14 17:41:41'),
(104, 7, '2022-05-14 17:58:10'),
(104, 8, '2022-05-14 18:21:15'),
(104, 9, '2022-05-14 18:24:54'),
(104, 10, '2022-05-14 18:46:32'),
(104, 11, '2022-05-14 18:50:46'),
(104, 12, '2022-05-14 18:54:31'),
(104, 13, '2022-05-14 18:57:44'),
(104, 24, '2022-05-14 19:21:14'),
(105, 5, '2022-05-14 17:26:35'),
(105, 6, '2022-05-14 17:41:41'),
(105, 7, '2022-05-14 17:58:10'),
(105, 8, '2022-05-14 18:21:15'),
(105, 9, '2022-05-14 18:24:54'),
(105, 13, '2022-05-14 18:57:44'),
(105, 24, '2022-05-14 19:21:14'),
(106, 5, '2022-05-14 17:26:35'),
(106, 6, '2022-05-14 17:41:41'),
(106, 7, '2022-05-14 17:58:10'),
(106, 13, '2022-05-14 18:57:44'),
(106, 18, '2022-05-14 19:09:44'),
(106, 19, '2022-05-14 19:11:50'),
(106, 24, '2022-05-14 19:21:14'),
(106, 28, '2022-05-14 19:26:35'),
(107, 5, '2022-05-14 17:26:35'),
(108, 5, '2022-05-14 17:26:35'),
(108, 6, '2022-05-14 17:41:41'),
(108, 7, '2022-05-14 17:58:10'),
(108, 13, '2022-05-14 18:57:44'),
(108, 24, '2022-05-14 19:21:14'),
(108, 27, '2022-05-14 19:28:14'),
(108, 28, '2022-05-14 19:26:35'),
(109, 5, '2022-05-14 17:26:35'),
(109, 6, '2022-05-14 17:41:41'),
(109, 7, '2022-05-14 17:58:10'),
(109, 8, '2022-05-14 18:21:15'),
(109, 9, '2022-05-14 18:24:54'),
(109, 11, '2022-05-14 18:50:46'),
(109, 13, '2022-05-14 18:57:44'),
(109, 17, '2022-05-14 19:07:18'),
(109, 24, '2022-05-14 19:21:14'),
(109, 27, '2022-05-14 19:28:14'),
(109, 28, '2022-05-14 19:26:35'),
(110, 5, '2022-05-14 17:26:35'),
(110, 6, '2022-05-14 17:41:41'),
(110, 7, '2022-05-14 17:58:10'),
(110, 11, '2022-05-14 18:50:46'),
(110, 12, '2022-05-14 18:54:31'),
(110, 13, '2022-05-14 18:57:44'),
(110, 14, '2022-05-14 19:00:59'),
(110, 15, '2022-05-14 19:02:22'),
(110, 24, '2022-05-14 19:21:14'),
(110, 27, '2022-05-14 19:28:14'),
(110, 28, '2022-05-14 19:26:35'),
(111, 5, '2022-05-14 17:26:35'),
(112, 5, '2022-05-14 17:26:35'),
(112, 6, '2022-05-14 17:41:41'),
(112, 7, '2022-05-14 17:58:10'),
(112, 8, '2022-05-14 18:21:15'),
(112, 9, '2022-05-14 18:24:54'),
(112, 12, '2022-05-14 18:54:31'),
(112, 13, '2022-05-14 18:57:44'),
(112, 14, '2022-05-14 19:00:59'),
(112, 15, '2022-05-14 19:02:22'),
(112, 27, '2022-05-14 19:28:14'),
(112, 28, '2022-05-14 19:26:35'),
(113, 5, '2022-05-14 17:26:35'),
(113, 6, '2022-05-14 17:41:41'),
(113, 7, '2022-05-14 17:58:10'),
(113, 8, '2022-05-14 18:21:15'),
(113, 9, '2022-05-14 18:24:54'),
(113, 12, '2022-05-14 18:54:31'),
(113, 13, '2022-05-14 18:57:44'),
(113, 14, '2022-05-14 19:00:59'),
(113, 15, '2022-05-14 19:02:22'),
(113, 27, '2022-05-14 19:28:14'),
(113, 28, '2022-05-14 19:26:35'),
(114, 5, '2022-05-14 17:26:35'),
(115, 5, '2022-05-14 17:26:35'),
(116, 5, '2022-05-14 17:26:35'),
(116, 6, '2022-05-14 17:41:41'),
(116, 7, '2022-05-14 17:58:10'),
(116, 14, '2022-05-14 19:00:59'),
(116, 15, '2022-05-14 19:02:22'),
(116, 28, '2022-05-14 19:26:35'),
(117, 5, '2022-05-14 17:26:35'),
(117, 6, '2022-05-14 17:41:41'),
(117, 7, '2022-05-14 17:58:10'),
(117, 8, '2022-05-14 18:21:15'),
(117, 9, '2022-05-14 18:24:54'),
(117, 10, '2022-05-14 18:46:32'),
(117, 14, '2022-05-14 19:00:59'),
(117, 18, '2022-05-14 19:09:44'),
(117, 19, '2022-05-14 19:11:50'),
(117, 21, '2022-05-14 19:16:14'),
(117, 22, '2022-05-14 19:17:25'),
(117, 23, '2022-05-14 19:18:25'),
(118, 5, '2022-05-14 17:26:35'),
(118, 8, '2022-05-14 18:21:15'),
(118, 9, '2022-05-14 18:24:54'),
(119, 5, '2022-05-14 17:26:35'),
(119, 8, '2022-05-14 18:21:15'),
(120, 5, '2022-05-14 17:26:35'),
(120, 6, '2022-05-14 17:41:41'),
(120, 7, '2022-05-14 17:58:10'),
(120, 8, '2022-05-14 18:21:15'),
(120, 9, '2022-05-14 18:24:54'),
(120, 10, '2022-05-14 18:46:32'),
(120, 11, '2022-05-14 18:50:46'),
(120, 14, '2022-05-14 19:00:59'),
(120, 21, '2022-05-14 19:16:14'),
(120, 22, '2022-05-14 19:17:25'),
(120, 23, '2022-05-14 19:18:25'),
(121, 5, '2022-05-14 17:26:35'),
(121, 6, '2022-05-14 17:41:41'),
(121, 7, '2022-05-14 17:58:10'),
(121, 12, '2022-05-14 18:54:31'),
(121, 21, '2022-05-14 19:16:14'),
(121, 22, '2022-05-14 19:17:25'),
(121, 23, '2022-05-14 19:18:25'),
(122, 5, '2022-05-14 17:26:35'),
(123, 5, '2022-05-14 17:26:35'),
(123, 8, '2022-05-14 18:21:15'),
(123, 9, '2022-05-14 18:24:54'),
(123, 10, '2022-05-14 18:46:32'),
(124, 5, '2022-05-14 17:26:35'),
(124, 6, '2022-05-14 17:41:41'),
(124, 7, '2022-05-14 17:58:10'),
(124, 12, '2022-05-14 18:54:31'),
(124, 18, '2022-05-14 19:09:44'),
(124, 21, '2022-05-14 19:16:14'),
(124, 22, '2022-05-14 19:17:25'),
(124, 23, '2022-05-14 19:18:25'),
(125, 5, '2022-05-14 17:26:35'),
(125, 6, '2022-05-14 17:41:41'),
(125, 7, '2022-05-14 17:58:10'),
(125, 21, '2022-05-14 19:16:14'),
(125, 22, '2022-05-14 19:17:25'),
(125, 23, '2022-05-14 19:18:25'),
(125, 26, '2022-05-14 19:24:39'),
(126, 5, '2022-05-14 17:26:35'),
(126, 6, '2022-05-14 17:41:41'),
(126, 7, '2022-05-14 17:58:10'),
(126, 8, '2022-05-14 18:21:15'),
(126, 9, '2022-05-14 18:24:54'),
(126, 10, '2022-05-14 18:46:32'),
(126, 20, '2022-05-14 19:13:48'),
(126, 21, '2022-05-14 19:16:14'),
(126, 22, '2022-05-14 19:17:25'),
(126, 23, '2022-05-14 19:18:25'),
(126, 26, '2022-05-14 19:24:39'),
(127, 5, '2022-05-14 17:26:35'),
(127, 8, '2022-05-14 18:21:15'),
(127, 9, '2022-05-14 18:24:54'),
(128, 5, '2022-05-14 17:26:35'),
(128, 6, '2022-05-14 17:41:41'),
(128, 7, '2022-05-14 17:58:10'),
(128, 8, '2022-05-14 18:21:15'),
(128, 9, '2022-05-14 18:24:54'),
(128, 11, '2022-05-14 18:50:46'),
(128, 20, '2022-05-14 19:13:48'),
(128, 21, '2022-05-14 19:16:14'),
(128, 22, '2022-05-14 19:17:25'),
(128, 23, '2022-05-14 19:18:25'),
(128, 25, '2022-05-14 19:23:06'),
(128, 26, '2022-05-14 19:24:39'),
(129, 5, '2022-05-14 17:26:35'),
(129, 6, '2022-05-14 17:41:41'),
(129, 7, '2022-05-14 17:58:10'),
(129, 8, '2022-05-14 18:21:15'),
(129, 9, '2022-05-14 18:24:54'),
(129, 14, '2022-05-14 19:00:59'),
(129, 20, '2022-05-14 19:13:48'),
(129, 21, '2022-05-14 19:16:14'),
(129, 25, '2022-05-14 19:23:06'),
(129, 26, '2022-05-14 19:24:39'),
(130, 5, '2022-05-14 17:26:35'),
(130, 6, '2022-05-14 17:41:41'),
(130, 7, '2022-05-14 17:58:10'),
(130, 12, '2022-05-14 18:54:31'),
(130, 14, '2022-05-14 19:00:59'),
(130, 16, '2022-05-14 19:05:01'),
(130, 20, '2022-05-14 19:13:48'),
(130, 21, '2022-05-14 19:16:14'),
(130, 25, '2022-05-14 19:23:06'),
(130, 26, '2022-05-14 19:24:39'),
(131, 5, '2022-05-14 17:26:35'),
(132, 5, '2022-05-14 17:26:35'),
(132, 6, '2022-05-14 17:41:41'),
(132, 7, '2022-05-14 17:58:10'),
(132, 8, '2022-05-14 18:21:15'),
(132, 9, '2022-05-14 18:24:54'),
(132, 12, '2022-05-14 18:54:31'),
(132, 16, '2022-05-14 19:05:01'),
(132, 20, '2022-05-14 19:13:48'),
(132, 21, '2022-05-14 19:16:14'),
(132, 25, '2022-05-14 19:23:06'),
(132, 27, '2022-05-14 19:28:14'),
(132, 28, '2022-05-14 19:26:35'),
(133, 5, '2022-05-14 17:26:35'),
(133, 6, '2022-05-14 17:41:41'),
(133, 7, '2022-05-14 17:58:10'),
(133, 8, '2022-05-14 18:21:15'),
(133, 9, '2022-05-14 18:24:54'),
(133, 12, '2022-05-14 18:54:31'),
(133, 16, '2022-05-14 19:05:01'),
(133, 24, '2022-05-14 19:21:14'),
(133, 25, '2022-05-14 19:23:06'),
(133, 27, '2022-05-14 19:28:14'),
(133, 28, '2022-05-14 19:26:35'),
(134, 5, '2022-05-14 17:26:35'),
(135, 5, '2022-05-14 17:26:35'),
(136, 5, '2022-05-14 17:26:35'),
(136, 6, '2022-05-14 17:41:41'),
(136, 8, '2022-05-14 18:21:15'),
(136, 9, '2022-05-14 18:24:54'),
(136, 10, '2022-05-14 18:46:32'),
(136, 13, '2022-05-14 18:57:44'),
(136, 16, '2022-05-14 19:05:01'),
(136, 18, '2022-05-14 19:09:44'),
(136, 19, '2022-05-14 19:11:50'),
(136, 27, '2022-05-14 19:28:14'),
(136, 28, '2022-05-14 19:26:35'),
(137, 5, '2022-05-14 17:26:35'),
(137, 6, '2022-05-14 17:41:41'),
(137, 8, '2022-05-14 18:21:15'),
(137, 10, '2022-05-14 18:46:32'),
(137, 13, '2022-05-14 18:57:44'),
(137, 17, '2022-05-14 19:07:18'),
(137, 27, '2022-05-14 19:28:14'),
(137, 28, '2022-05-14 19:26:35'),
(138, 5, '2022-05-14 17:26:35'),
(138, 8, '2022-05-14 18:21:15'),
(138, 9, '2022-05-14 18:24:54'),
(138, 10, '2022-05-14 18:46:32'),
(139, 5, '2022-05-14 17:26:35'),
(139, 6, '2022-05-14 17:41:41'),
(139, 7, '2022-05-14 17:58:10'),
(139, 13, '2022-05-14 18:57:44'),
(140, 5, '2022-05-14 17:26:35'),
(140, 6, '2022-05-14 17:41:41'),
(140, 7, '2022-05-14 17:58:10'),
(140, 13, '2022-05-14 18:57:44'),
(140, 26, '2022-05-14 19:24:39'),
(141, 5, '2022-05-14 17:26:35'),
(141, 6, '2022-05-14 17:41:41'),
(141, 7, '2022-05-14 17:58:10'),
(141, 8, '2022-05-14 18:21:15'),
(141, 9, '2022-05-14 18:24:54'),
(141, 10, '2022-05-14 18:46:32'),
(141, 11, '2022-05-14 18:50:46'),
(141, 26, '2022-05-14 19:24:39'),
(142, 5, '2022-05-14 17:26:35'),
(142, 6, '2022-05-14 17:41:41'),
(142, 7, '2022-05-14 17:58:10'),
(142, 11, '2022-05-14 18:50:46'),
(142, 12, '2022-05-14 18:54:31'),
(143, 5, '2022-05-14 17:26:35'),
(143, 6, '2022-05-14 17:41:41'),
(143, 7, '2022-05-14 17:58:10'),
(143, 12, '2022-05-14 18:54:31'),
(143, 16, '2022-05-14 19:05:01'),
(143, 21, '2022-05-14 19:16:14'),
(144, 5, '2022-05-14 17:26:35'),
(144, 6, '2022-05-14 17:41:41'),
(144, 8, '2022-05-14 18:21:15'),
(144, 9, '2022-05-14 18:24:54'),
(144, 10, '2022-05-14 18:46:32'),
(144, 15, '2022-05-14 19:02:22'),
(144, 16, '2022-05-14 19:05:01'),
(144, 21, '2022-05-14 19:16:14'),
(144, 28, '2022-05-14 19:26:35'),
(145, 5, '2022-05-14 17:26:35'),
(145, 6, '2022-05-14 17:41:41'),
(145, 8, '2022-05-14 18:21:15'),
(145, 10, '2022-05-14 18:46:32'),
(145, 15, '2022-05-14 19:02:22'),
(145, 16, '2022-05-14 19:05:01'),
(145, 21, '2022-05-14 19:16:14'),
(145, 26, '2022-05-14 19:24:39'),
(145, 28, '2022-05-14 19:26:35'),
(146, 5, '2022-05-14 17:26:35'),
(146, 6, '2022-05-14 17:41:41'),
(146, 7, '2022-05-14 17:58:10'),
(146, 8, '2022-05-14 18:21:15'),
(146, 9, '2022-05-14 18:24:54'),
(146, 10, '2022-05-14 18:46:32'),
(146, 11, '2022-05-14 18:50:46'),
(146, 12, '2022-05-14 18:54:31'),
(146, 15, '2022-05-14 19:02:22'),
(146, 16, '2022-05-14 19:05:01'),
(146, 21, '2022-05-14 19:16:14'),
(146, 26, '2022-05-14 19:24:39'),
(146, 28, '2022-05-14 19:26:35'),
(147, 5, '2022-05-14 17:26:35'),
(147, 6, '2022-05-14 17:41:41'),
(147, 7, '2022-05-14 17:58:10'),
(147, 8, '2022-05-14 18:21:15'),
(147, 9, '2022-05-14 18:24:54'),
(147, 11, '2022-05-14 18:50:46'),
(147, 12, '2022-05-14 18:54:31'),
(147, 14, '2022-05-14 19:00:59'),
(147, 15, '2022-05-14 19:02:22'),
(147, 16, '2022-05-14 19:05:01'),
(147, 18, '2022-05-14 19:09:44'),
(147, 19, '2022-05-14 19:11:50'),
(147, 21, '2022-05-14 19:16:14'),
(147, 26, '2022-05-14 19:24:39'),
(147, 28, '2022-05-14 19:26:35'),
(148, 5, '2022-05-14 17:26:35'),
(149, 5, '2022-05-14 17:26:35'),
(150, 5, '2022-05-14 17:26:35'),
(150, 8, '2022-05-14 18:21:15'),
(150, 9, '2022-05-14 18:24:54'),
(151, 5, '2022-05-14 17:26:35'),
(151, 6, '2022-05-14 17:41:41'),
(151, 7, '2022-05-14 17:58:10'),
(151, 8, '2022-05-14 18:21:15'),
(151, 9, '2022-05-14 18:24:54'),
(151, 11, '2022-05-14 18:50:46'),
(151, 12, '2022-05-14 18:54:31'),
(151, 13, '2022-05-14 18:57:44'),
(151, 14, '2022-05-14 19:00:59'),
(151, 15, '2022-05-14 19:02:22'),
(151, 16, '2022-05-14 19:05:01'),
(151, 17, '2022-05-14 19:07:18'),
(151, 18, '2022-05-14 19:09:44'),
(151, 19, '2022-05-14 19:11:50'),
(151, 20, '2022-05-14 19:13:48'),
(151, 21, '2022-05-14 19:16:14'),
(151, 22, '2022-05-14 19:17:25'),
(151, 23, '2022-05-14 19:18:25'),
(151, 24, '2022-05-14 19:21:14'),
(151, 25, '2022-05-14 19:23:06'),
(151, 26, '2022-05-14 19:24:39'),
(151, 27, '2022-05-14 19:28:14'),
(151, 28, '2022-05-14 19:26:35');

--
-- Dumping data for table `articleviewing`
--

INSERT INTO `articleviewing` (`user_id`, `article_id`) VALUES
(4, 2),
(5, 2),
(3, 3);


--
-- Dumping data for table `comment`
--

INSERT INTO `comment` (`comment_id`, `user_id`, `article_id`, `content`, `created_at`, `updated_at`) VALUES
(1, 3, 1, 'It\'s funny and romantic.', '2022-04-27 14:08:58', '2022-04-27 15:08:58'),
(2, 4, 2, 'I agree', '2022-04-26 14:08:58', '2022-04-27 14:08:58'),
(3, 5, 3, 'I hope it is true', '2022-04-22 14:10:14', '2022-04-23 14:10:14'),
(4, 3, 4, 'Jandek is so talented omg!!', '2022-05-14 17:39:48', '2022-05-14 17:39:48'),
(5, 4, 4, 'This article is so informative', '2022-05-14 17:46:33', '2022-05-14 17:46:33'),
(6, 5, 4, 'I love the quote saying that \"It takes a lot of skill to make a good song, but it takes even more to make a song that\'s intentionally bad in a good way\"', '2022-05-14 17:46:33', '2022-05-14 17:46:33'),
(7, 6, 4, 'I just knew that Jandek has released over one hundred albums and singles', '2022-05-14 17:46:33', '2022-05-14 17:46:33'),
(8, 7, 4, 'Jandek is so cool', '2022-05-14 17:46:33', '2022-05-14 17:46:33'),
(9, 8, 4, 'weirdly strung guitar lol', '2022-05-14 17:46:33', '2022-05-14 17:46:33'),
(10, 9, 4, 'just wow', '2022-05-14 17:46:33', '2022-05-14 17:46:33'),
(11, 10, 4, 'my favorite indie band so far', '2022-05-14 17:46:33', '2022-05-14 17:46:33'),
(12, 6, 5, 'you write descriptive article so well', '2022-05-14 17:52:43', '2022-05-14 17:52:43'),
(13, 7, 4, '68-YEAR-OLD???', '2022-05-14 17:52:43', '2022-05-14 17:52:43'),
(14, 5, 4, 'absolutely a  legitimate rockstar period!', '2022-05-14 17:52:43', '2022-05-14 17:52:43'),
(15, 4, 4, 'lol', '2022-05-14 17:52:43', '2022-05-14 17:52:43'),
(16, 8, 4, 'I just knew that he composed the Simpsons theme song', '2022-05-14 17:52:43', '2022-05-14 17:52:43'),
(17, 9, 4, 'nice one', '2022-05-14 17:52:43', '2022-05-14 17:52:43'),
(18, 6, 6, 'you write descriptive article so well', '2022-05-14 17:59:27', '2022-05-14 17:59:27'),
(19, 3, 6, 'how can it stimulates the nerves??', '2022-05-14 17:59:27', '2022-05-14 17:59:27'),
(20, 5, 6, 'never heard about glass harp  before, quite interesting', '2022-05-14 17:59:27', '2022-05-14 17:59:27'),
(21, 4, 6, 'well written', '2022-05-14 17:59:27', '2022-05-14 17:59:27'),
(22, 4, 9, 'Everyone is talking about NTF', '2022-05-14 19:47:36', '2022-05-14 19:47:36'),
(23, 5, 9, 'I should find out more about NTF', '2022-05-14 19:53:21', '2022-05-14 19:53:21'),
(24, 7, 7, 'I need music festival so bad', '2022-05-14 19:53:21', '2022-05-14 19:53:21'),
(25, 7, 7, 'Awesome!', '2022-05-14 19:53:21', '2022-05-14 19:53:21'),
(26, 5, 5, 'Well written!!', '2022-05-14 20:08:45', '2022-05-14 20:08:45'),
(27, 7, 5, 'I like his tattoos though', '2022-05-14 20:08:45', '2022-05-14 20:08:45'),
(28, 5, 8, 'This is so true', '2022-05-14 20:08:45', '2022-05-14 20:08:45'),
(29, 3, 8, 'No doubts why I love jazz', '2022-05-14 20:08:45', '2022-05-14 20:08:45'),
(30, 4, 10, 'Seems interesting', '2022-05-14 20:08:45', '2022-05-14 20:08:45'),
(31, 5, 10, 'I have to try it then', '2022-05-14 20:08:45', '2022-05-14 20:08:45'),
(32, 4, 11, 'Movie version is the best tbh', '2022-05-14 20:08:45', '2022-05-14 20:08:45'),
(33, 5, 11, 'Is this for real??', '2022-05-14 20:08:45', '2022-05-14 20:08:45'),
(34, 9, 8, 'From now, I will only date fans of blues', '2022-05-14 20:08:45', '2022-05-14 20:08:45'),
(35, 4, 12, 'I need this right now!!', '2022-05-14 20:28:02', '2022-05-14 20:28:02'),
(36, 3, 12, 'OMG so cool', '2022-05-14 20:28:02', '2022-05-14 20:28:02'),
(37, 6, 12, '57% off? run guys run', '2022-05-14 20:28:02', '2022-05-14 20:28:02'),
(38, 8, 13, 'I still like nintendo though', '2022-05-14 20:28:02', '2022-05-14 20:28:02'),
(39, 5, 13, 'I love free games', '2022-05-14 20:28:02', '2022-05-14 20:28:02'),
(40, 3, 13, 'It was so successful back then', '2022-05-14 20:28:02', '2022-05-14 20:28:02'),
(41, 5, 14, 'Wish it was me ;__;', '2022-05-14 20:28:02', '2022-05-14 20:28:02'),
(42, 4, 14, 'Quite informative', '2022-05-14 20:28:02', '2022-05-14 20:28:02'),
(43, 8, 15, 'Oh no Apple', '2022-05-14 20:28:02', '2022-05-14 20:28:02'),
(44, 9, 15, 'Quite informative', '2022-05-14 20:28:02', '2022-05-14 20:28:02'),
(45, 5, 15, 'Is this for real??', '2022-05-14 20:28:02', '2022-05-14 20:28:02'),
(46, 4, 16, 'Now he bought it :O', '2022-05-14 20:28:02', '2022-05-14 20:28:02'),
(47, 5, 17, 'OMG! so adorable', '2022-05-14 20:28:02', '2022-05-14 20:28:02'),
(48, 8, 17, 'Why people misuse their cuteness, WHY??', '2022-05-14 20:28:02', '2022-05-14 20:28:02'),
(49, 5, 18, 'This is weird though', '2022-05-14 20:28:02', '2022-05-14 20:28:02'),
(50, 4, 18, 'Such a great app', '2022-05-14 20:28:02', '2022-05-14 20:28:02'),
(51, 3, 18, 'My friend always dance on TikTok', '2022-05-14 20:28:02', '2022-05-14 20:28:02'),
(52, 4, 19, 'Sorry but, what is Viagra?', '2022-05-14 20:28:02', '2022-05-14 20:28:02'),
(53, 5, 19, 'Quite informative', '2022-05-14 20:28:02', '2022-05-14 20:28:02'),
(54, 3, 22, 'I love skiing but not scamming', '2022-05-14 20:28:02', '2022-05-14 20:28:02'),
(55, 4, 20, 'Gorgeous!', '2022-05-14 20:28:02', '2022-05-14 20:28:02'),
(56, 5, 21, 'His face lol', '2022-05-14 20:28:02', '2022-05-14 20:28:02'),
(57, 4, 21, 'Nice story :)', '2022-05-14 20:28:02', '2022-05-14 20:28:02'),
(58, 5, 22, 'Is this for real??', '2022-05-14 20:28:02', '2022-05-14 20:28:02'),
(92, 8, 23, 'You write so well', '2022-05-14 20:39:19', '2022-05-14 20:39:19'),
(93, 7, 23, 'Nice one', '2022-05-14 20:39:19', '2022-05-14 20:39:19'),
(94, 8, 24, 'You write so well', '2022-05-14 20:39:19', '2022-05-14 20:39:19'),
(95, 7, 24, 'Great one', '2022-05-14 20:39:19', '2022-05-14 20:39:19'),
(96, 8, 25, 'You write so well', '2022-05-14 20:39:19', '2022-05-14 20:39:19'),
(97, 7, 25, 'Nice one', '2022-05-14 20:39:19', '2022-05-14 20:39:19'),
(98, 8, 26, 'You write so well', '2022-05-14 20:39:19', '2022-05-14 20:39:19'),
(99, 7, 26, 'Good job', '2022-05-14 20:39:19', '2022-05-14 20:39:19'),
(100, 8, 27, 'You write so well', '2022-05-14 20:39:19', '2022-05-14 20:39:19'),
(101, 7, 27, 'Nice one', '2022-05-14 20:39:19', '2022-05-14 20:39:19'),
(102, 8, 28, 'Well written', '2022-05-14 20:39:19', '2022-05-14 20:39:19'),
(103, 7, 28, 'Nice one', '2022-05-14 20:39:19', '2022-05-14 20:39:19'),
(104, 54, 9, 'You write so well', '2022-05-14 20:39:19', '2022-05-14 20:39:19'),
(105, 52, 9, 'Nice one', '2022-05-14 20:39:19', '2022-05-14 20:39:19'),
(106, 11, 10, 'You write so well', '2022-05-14 20:39:19', '2022-05-14 20:39:19'),
(107, 31, 31, 'Nice one', '2022-05-14 20:39:19', '2022-05-14 20:39:19'),
(108, 8, 32, 'You write so well', '2022-05-14 20:39:19', '2022-05-14 20:39:19'),
(109, 7, 33, 'I\'m in love with your writting', '2022-05-14 20:39:19', '2022-05-14 20:39:19'),
(110, 8, 34, 'You write so well', '2022-05-14 20:39:19', '2022-05-14 20:39:19'),
(111, 7, 35, 'Nice one', '2022-05-14 20:39:19', '2022-05-14 20:39:19'),
(112, 8, 31, 'Wow', '2022-05-14 20:39:19', '2022-05-14 20:39:19'),
(113, 11, 3, 'Oh wow', '2022-05-14 20:39:19', '2022-05-14 20:39:19'),
(114, 8, 32, 'You write so well', '2022-05-14 20:39:19', '2022-05-14 20:39:19'),
(115, 7, 34, 'Nice one', '2022-05-14 20:39:19', '2022-05-14 20:39:19'),
(116, 8, 1, 'You write so well', '2022-05-14 20:39:19', '2022-05-14 20:39:19'),
(117, 9, 2, 'Enjoyed reading this :)', '2022-05-14 20:39:19', '2022-05-14 20:39:19'),
(118, 6, 1, 'Nice article', '2022-05-14 20:39:19', '2022-05-14 20:39:19'),
(119, 8, 2, 'I learn so much from this article', '2022-05-14 20:39:19', '2022-05-14 20:39:19'),
(120, 10, 3, 'You write so well', '2022-05-14 20:39:19', '2022-05-14 20:39:19'),
(121, 4, 1, 'Wonderful!', '2022-05-14 20:39:19', '2022-05-14 20:39:19'),
(122, 7, 2, 'Well written', '2022-05-14 20:39:19', '2022-05-14 20:39:19'),
(123, 8, 3, 'Enjoyed reading this, how can you write this well?', '2022-05-14 20:39:19', '2022-05-14 20:39:19'),
(124, 6, 2, 'Nice one', '2022-05-14 20:39:19', '2022-05-14 20:39:19');


--
-- Dumping data for table `payment`
--

INSERT INTO `payment` (`payment_id`, `user_id`, `approver_id`, `status_id`, `is_withdrawal`, `amount`, `payment_slip`, `description`, `created_at`, `updated_at`) VALUES
(1, 3, 2, 2, 0, 100, 'slip.png', 'slip', '2022-05-15 14:12:12', '2022-05-15 14:15:44'),
(2, 3, 2, 3, 1, 500, 'slip.png', 'slip', '2022-05-15 14:12:12', '2022-05-15 14:15:51'),
(3, 5, 2, 3, 1, 600, 'slip.png', 'slip', '2022-05-15 14:15:18', '2022-05-15 13:38:13'),
(4, 3, 2, 2, 0, 800, 'slip.png', 'slip', '2022-05-15 11:59:12', '2022-05-15 11:59:12'),
(5, 3, 2, 2, 1, 100, 'slip.png', 'slip', '2022-05-15 12:18:06', '2022-05-15 12:18:06'),
(6, 3, 2, 3, 0, 100, 'slip.png', 'slip', '2022-05-15 12:24:51', '2022-05-15 12:24:51'),
(7, 4, 2, 2, 0, 500, 'slip.png', 'slip', '2022-05-15 12:36:49', '2022-05-15 12:36:49'),
(8, 4, 2, 2, 1, 100, 'slip.png', 'slip', '2022-05-15 13:29:15', '2022-05-15 13:29:15'),
(9, 4, 2, 3, 0, 100, 'slip.png', 'slip', '2022-05-15 13:34:20', '2022-05-15 13:34:20'),
(10, 5, 2, 2, 0, 800, 'slip.png', 'slip', '2022-05-15 13:36:42', '2022-05-15 13:36:42'),
(11, 5, 2, 2, 1, 100, 'slip.png', 'slip', '2022-05-15 13:38:43', '2022-05-15 13:38:43'),
(12, 5, 2, 3, 0, 200, 'slip.png', 'slip', '2022-05-15 13:43:40', '2022-05-15 13:43:40'),
(13, 6, 2, 2, 0, 700, 'slip.png', 'slip', '2022-05-15 13:46:09', '2022-05-15 13:46:09'),
(14, 6, 2, 2, 1, 300, 'slip.png', 'slip', '2022-05-15 13:47:09', '2022-05-15 13:47:09'),
(15, 6, 2, 3, 0, 200, 'slip.png', 'slip', '2022-05-15 13:51:20', '2022-05-15 13:51:20'),
(16, 7, 2, 2, 0, 500, 'slip.png', 'slip', '2022-05-15 13:52:42', '2022-05-15 13:52:42'),
(17, 7, 2, 2, 1, 200, 'slip.png', 'slip', '2022-05-15 13:54:03', '2022-05-15 13:54:03'),
(18, 7, 2, 3, 0, 200, 'slip.png', 'slip', '2022-05-15 13:55:58', '2022-05-15 13:55:58'),
(19, 8, 2, 2, 0, 200, 'slip.png', 'slip', '2022-05-15 13:57:55', '2022-05-15 13:57:55'),
(20, 8, 2, 2, 1, 100, 'slip.png', 'slip', '2022-05-15 14:06:41', '2022-05-15 14:06:41'),
(21, 8, 2, 3, 0, 500, 'slip.png', 'slip', '2022-05-15 14:06:41', '2022-05-15 14:06:41'),
(22, 9, 2, 2, 0, 700, 'slip.png', 'slip', '2022-05-15 14:10:26', '2022-05-15 14:10:26'),
(23, 9, 2, 2, 1, 100, 'slip.png', 'slip', '2022-05-15 14:10:26', '2022-05-15 14:10:26'),
(24, 9, 2, 3, 0, 900, 'slip.png', 'slip', '2022-05-15 14:13:55', '2022-05-15 14:13:55'),
(25, 10, 2, 2, 0, 400, 'slip.png', 'slip', '2022-05-15 14:13:55', '2022-05-15 14:13:55'),
(26, 10, 2, 2, 1, 300, 'slip.png', 'slip', '2022-05-15 14:33:05', '2022-05-15 14:33:05'),
(27, 10, 2, 3, 0, 400, 'slip.png', 'slip', '2022-05-15 14:33:05', '2022-05-15 14:33:05');

--
-- Dumping data for table `reporttype`
--

INSERT INTO `reporttype` (`report_type_id`, `report_type_name`, `report_type_icon`) VALUES
(1, 'Article', "article.png"),
(2, 'Payment', "payment.png"),
(3, 'Comment', "comment.png");

--
-- Dumping data for table `report`
--

INSERT INTO `report` (`report_id`, `report_type_id`, `reporter_id`, `status_id`, `article_id`, `payment_id`, `comment_id`, `admin_id`, `description`, `created_at`, `updated_at`) VALUES
(1, 1, 3, 1, 1, NULL, NULL, 1, "It's copy others.", '2022-04-04 14:16:17', '2022-04-05 14:16:17'),
(2, 2, 4, 1, NULL, 2, NULL, 1, "Something wrong.", '2022-04-18 14:16:17', '2022-04-20 14:16:17'),
(3, 3, 5, 1, NULL, NULL, 3, 1, "It isn't okay.", '2022-04-01 14:18:12', '2022-04-08 14:18:12');


/*!40101 SET CHARACTER_SET_CLIENT=@OLD_CHARACTER_SET_CLIENT */;
/*!40101 SET CHARACTER_SET_RESULTS=@OLD_CHARACTER_SET_RESULTS */;
/*!40101 SET COLLATION_CONNECTION=@OLD_COLLATION_CONNECTION */;
